timestamp,cpu,ram,tx_bytes,rx_bytes
1605104456832502528,1.6,8.5,293485562430,141576261591
1605104458729880566,6.1,8.5,293485563216,141576263945
1605104460626157724,6.1,8.4,293485564334,141576266319
1605104462535370654,6.2,8.5,293485565396,141576269276
1605104464432818695,6.2,8.4,293485565958,141576271306
1605104466328044698,6.2,8.5,293485567924,141576275274
1605104468214907407,6.6,8.5,293485568894,141576278311
1605104470100539836,6.6,8.4,293485569463,141576280227
1605104471973460533,6.5,8.5,293485570118,141576282491
1605104473882531348,6.4,8.4,293485571086,141576284780
1605104475753352931,6.4,8.4,293485571469,141576286865
1605104477643398165,6.4,8.5,293485573279,141576290610
1605104479841609775,6.3,8.6,293485577923,141576298313
1605104482907109620,11.4,11.8,293485589919,141576315476
1605104486334221298,11.2,10.6,293485677339,141576331036
1605104489723270026,96.2,16.1,293485965589,141576690842
1605104491908868736,72.9,16.8,293486186344,141576971058
1605104494000243244,52.8,16.8,293486214993,141577053330
1605104496097703107,42.4,16.8,293486241098,141577133182
1605104498188742366,36.0,16.7,293486267508,141577213109
1605104500275151800,31.8,16.7,293486293365,141577292439
1605104502366755448,28.9,16.8,293486319649,141577372005
1605104504484965195,26.6,16.8,293486349081,141577455170
1605104506604810570,23.7,16.8,293486381745,141577542166
1605104508735453067,22.6,16.8,293486427330,141577630847
1605104510838964175,21.5,16.9,293486508211,141577723015
1605104512958184926,20.6,16.9,293486582093,141577811903
1605104515086639757,19.9,16.7,293486744831,141577938973
1605104517190652106,19.4,16.7,293487023434,141578181018
1605104519308831954,19.0,16.8,293487197389,141578288470
1605104521421609490,18.3,16.8,293487368048,141578394354
1605104523537358672,17.5,16.8,293487537456,141578503265
1605104525623316942,17.2,16.8,293487701085,141578609180
1605104527735589721,16.9,16.7,293487879817,141578717820
1605104529895273163,16.6,16.7,293488066529,141578834786
1605104532033604914,16.5,16.8,293488237342,141578940345
1605104534138308994,16.1,16.7,293488403730,141579045291
1605104536266995649,15.8,16.8,293488571031,141579151545
1605104538395732990,15.8,16.8,293488737432,141579258792
1605104540554448511,15.4,16.8,293488959718,141579385285
1605104542658721010,15.1,16.8,293489159350,141579504529
1605104544778139289,15.0,16.9,293489385390,141579627249
1605104546883564895,15.0,16.9,293489601700,141579750353
1605104549035601214,14.9,16.9,293489822753,141579875984
1605104551161121231,14.8,16.8,293490034669,141579999178
1605104553292599771,14.7,16.9,293490262844,141580122814
1605104555400415342,14.7,16.8,293490481084,141580249704
1605104557541550355,14.4,16.9,293490711408,141580370906
1605104559652989045,14.3,16.9,293490927724,141580495813
1605104561781804490,14.3,16.8,293491137217,141580615232
1605104563913987921,14.1,16.8,293491373149,141580745211
1605104566044987118,14.0,16.9,293491588427,141580867727
1605104568179889154,14.1,16.9,293491829576,141580999231
1605104570289279565,14.0,16.8,293492039167,141581120683
1605104572419538677,14.0,16.9,293492272264,141581251689
1605104574529960242,13.7,16.8,293492475408,141581368862
1605104576640246904,13.7,16.9,293492714039,141581500782
1605104578734488353,13.7,16.8,293492910176,141581617350
1605104580822631611,13.7,16.8,293493116382,141581734027
1605104582943277733,13.6,16.8,293493288872,141581841189
1605104585052581900,13.5,16.9,293493463357,141581947163
1605104587187633654,13.5,17.0,293493632915,141582056712
1605104589307716778,13.4,16.9,293493803400,141582162988
1605104591419098736,13.4,16.8,293493974609,141582269022
1605104593537606759,13.2,16.9,293494151095,141582375683
1605104595649677274,13.2,16.9,293494322071,141582481305
1605104597762405825,13.1,16.9,293494495502,141582588643
1605104599913903058,13.1,16.9,293494694674,141582709021
1605104602064820438,13.1,16.9,293494898032,141582826751
1605104604223483531,13.2,16.8,293495128298,141582955763
1605104606364294065,13.2,16.9,293495333095,141583075507
1605104608503498916,13.1,16.9,293495569718,141583205727
1605104610638916442,13.0,16.8,293495774726,141583325770
1605104612764967659,13.0,16.9,293496007257,141583455101
1605104614896438668,12.9,16.9,293496219311,141583575516
1605104617081093296,13.0,16.9,293496464788,141583707246
1605104619213242406,13.0,16.9,293496671873,141583825767
1605104621352638605,13.0,16.9,293496906508,141583956177
1605104623475722483,13.0,16.8,293497120372,141584074967
1605104625603153973,12.8,16.9,293497344965,141584202491
1605104627705044831,12.8,16.9,293497552133,141584322550
1605104629860006131,12.8,16.9,293497785886,141584453300
1605104631961135781,12.8,16.8,293498003594,141584572386
1605104634067653837,12.8,16.8,293498229619,141584696797
1605104636173493238,12.8,16.9,293498443112,141584819927
1605104638284300721,12.8,16.9,293498668305,141584943305
1605104640389756885,12.6,16.8,293498879209,141585066317
1605104642454696660,12.6,16.8,293499050994,141585172877
1605104644539687322,12.6,16.9,293499234539,141585281829
1605104646664063822,12.6,16.9,293499410189,141585391758
1605104648733285300,12.6,16.9,293499579166,141585495360
1605104650816873599,12.6,16.9,293499748416,141585600810
1605104652905805563,12.6,16.9,293499916612,141585705060
1605104654992789785,12.6,16.9,293500083441,141585809400
1605104657079530725,12.5,16.8,293500261028,141585914576
1605104659169410176,12.5,16.9,293500439839,141586023244
1605104661260117124,12.5,16.8,293500635929,141586136963
1605104663372844487,12.5,16.9,293500865708,141586264344
1605104665480244875,12.5,16.9,293501077359,141586382404
1605104667601041888,12.5,16.8,293501311719,141586511677
1605104669740022512,12.5,16.8,293501533986,141586632885
1605104671834839726,12.5,16.9,293501760266,141586757576
1605104673963643059,12.5,16.9,293501978998,141586881936
1605104676039246008,12.5,16.8,293502208986,141587006165
1605104678142306401,12.4,16.8,293502414805,141587125854
1605104680245609974,12.3,16.8,293502648002,141587250336
1605104682342841040,12.3,16.9,293502843072,141587371417
1605104684429979398,12.3,16.2,293503058574,141587490324
1605104686504184943,12.3,16.2,293503268462,141587613871
1605104688589578366,12.2,16.2,293503480368,141587732251
1605104690665071712,12.2,16.3,293503708140,141587862520
1605104692745541495,12.2,16.2,293503908941,141587979979
1605104694827446167,12.2,16.2,293504143858,141588106727
1605104696908012414,12.2,16.3,293504345134,141588225718
1605104698988428459,12.2,16.3,293504572790,141588349892
1605104701066199562,12.2,16.3,293504789598,141588469541
1605104703129244199,12.2,16.3,293504967465,141588575502
1605104705201468407,12.2,16.4,293505138366,141588682894
1605104707258990931,12.2,16.3,293505303908,141588786712
1605104709326584345,12.2,16.2,293505476997,141588890356
1605104711351807218,12.2,16.2,293505642353,141588991442
1605104713386962515,12.2,16.3,293505809008,141589094168
1605104715424431117,12.2,16.2,293505974447,141589198706
1605104717489118142,12.2,16.2,293506146921,141589302302
1605104719524977000,12.1,16.3,293506319268,141589408775
1605104721574079595,12.1,16.3,293506511237,141589522076
1605104723670228493,12.1,16.2,293506722785,141589644462
1605104725747561832,12.1,16.3,293506926551,141589762788
1605104727826148756,12.1,16.3,293507156078,141589886362
1605104729918001565,12.1,16.3,293507362897,141590007959
1605104732064776744,12.1,16.3,293507592349,141590131939
1605104734129340787,12.2,16.3,293507799396,141590255927
1605104736217963143,12.2,16.2,293507999753,141590372789
1605104738279106026,12.1,16.2,293508224123,141590498709
1605104740360286253,12.1,16.2,293508426382,141590615158
1605104742443471117,12.1,16.3,293508645983,141590740600
1605104744522207904,12.0,16.2,293508850324,141590858015
1605104746605762105,12.0,16.3,293509070472,141590982852
1605104748702535465,12.1,16.3,293509285655,141591104248
1605104750782195012,12.0,16.3,293509509751,141591229740
1605104752863286994,12.1,16.3,293509725062,141591351665
1605104754929606820,12.0,16.3,293509943149,141591469990
1605104756981929588,12.1,16.2,293510158401,141591597010
1605104759060225200,12.1,16.3,293510358255,141591712947
1605104761112625581,12.1,16.4,293510587484,141591839014
1605104763197921826,12.1,16.4,293510764769,141591946125
1605104765234373690,11.9,16.3,293510931881,141592049729
1605104767270454662,11.9,16.3,293511087058,141592151098
1605104769312932991,11.9,16.3,293511244541,141592253216
1605104771352515798,11.9,16.2,293511408684,141592355054
1605104773386375522,11.9,16.3,293511577276,141592457335
1605104775413905429,11.8,16.3,293511741389,141592558661
1605104777467964630,11.8,16.3,293511916792,141592662447
1605104779532652405,11.8,16.3,293512086115,141592770281
1605104781584869102,11.8,16.3,293512277089,141592883987
1605104783661706740,11.8,16.3,293512472975,141593000786
1605104785721040425,11.8,16.3,293512705969,141593126901
1605104787775495004,11.8,16.3,293512904472,141593241795
1605104789846401335,11.8,16.3,293513124821,141593364041
1605104791948772051,11.8,16.3,293513333168,141593485688
1605104794021728025,11.8,16.2,293513540428,141593603139
1605104796086198395,11.8,16.3,293513761735,141593727905
1605104798112186134,11.8,16.3,293513962351,141593841710
1605104800174609919,11.8,16.3,293514186915,141593968660
1605104802245127513,11.8,16.3,293514389080,141594083781
1605104804309606213,11.8,16.3,293514611445,141594207350
1605104806361354036,11.8,16.3,293514817109,141594325892
1605104808421232159,11.8,16.3,293515031873,141594447922
1605104810483734403,11.8,16.2,293515240689,141594571671
1605104812540554220,11.8,16.3,293515444277,141594688035
1605104814596025555,11.8,16.3,293515662647,141594811898
1605104816648384132,11.8,16.2,293515865194,141594929756
1605104818699938791,11.8,16.2,293516085053,141595054922
1605104820767733194,11.8,16.4,293516288440,141595171285
1605104822783735480,11.8,16.3,293516477620,141595283405
1605104824821054924,11.8,16.3,293516658780,141595390630
1605104826854259074,11.8,16.3,293516828275,141595493669
1605104828904560384,11.8,16.2,293516987244,141595597654
1605104830953895904,11.8,16.3,293517159500,141595700520
1605104832994279956,11.8,16.3,293517330830,141595808694
1605104835046292486,11.8,16.3,293517498562,141595910828
1605104837072613658,11.8,16.3,293517670600,141596014912
1605104839124623321,11.8,16.3,293517845385,141596122329
1605104841205645592,11.8,16.4,293518019380,141596225965
1605104843275958066,11.8,16.3,293518234903,141596348654
1605104845341466129,11.8,16.3,293518433905,141596463197
1605104847405644061,11.8,16.3,293518660959,141596586405
1605104849459404202,11.8,16.3,293518869340,141596706240
1605104851509843980,11.8,16.3,293519079276,141596821549
1605104853999111574,11.8,16.3,293519340049,141596970665
1605104857708188680,17.8,19.5,293519742414,141597200051
1605104861283255376,37.3,19.2,293520188948,141597416020
1605104864319675790,79.4,24.7,293520969060,141598141622
1605104866602090734,75.9,24.4,293521278890,141598391827
1605104868907190769,50.7,24.4,293521552906,141598610249
1605104871140547136,43.7,24.5,293521809613,141598825385
1605104873406197631,39.0,24.5,293522066164,141599040205
1605104875632368467,33.9,24.4,293522316132,141599250417
1605104877921834899,32.0,24.5,293522610097,141599479178
1605104880213673336,30.2,24.4,293522866693,141599691907
1605104882520567232,28.9,24.5,293523208609,141599927364
1605104884799956289,27.0,24.4,293523493274,141600141131
1605104887100464688,26.2,24.5,293523767332,141600348869
1605104889427044783,25.6,24.5,293524285774,141600742863
1605104891692684880,24.7,24.5,293524665663,141600970017
1605104893919297948,24.1,24.4,293525020356,141601189521
1605104896184242201,23.8,24.5,293525392147,141601416264
1605104898450401663,23.3,24.4,293525759431,141601638346
1605104900759370920,22.8,24.5,293526140925,141601873631
1605104903034727856,22.4,24.5,293526545674,141602107311
1605104905278042725,22.2,24.6,293526937200,141602340017
1605104907546988350,22.0,24.6,293527355269,141602584876
1605104909839884545,21.4,24.6,293527784528,141602830444
1605104912131647757,21.2,24.6,293528242446,141603091642
1605104914440920121,21.0,24.7,293528716389,141603357248
1605104916734166315,20.7,24.7,293529178518,141603619553
1605104919049533683,20.6,24.6,293529662012,141603885294
1605104921358650315,20.6,24.7,293530138311,141604148047
1605104923667185766,20.5,24.6,293530622696,141604417246
1605104925982238808,20.2,24.6,293531094900,141604684828
1605104928341699295,20.1,24.8,293531586912,141604956285
1605104930653098269,20.0,24.7,293532076673,141605225055
1605104932972045701,19.8,24.7,293532556294,141605492843
1605104935308546831,19.8,24.7,293533042853,141605764325
1605104937628980806,19.8,24.6,293533526787,141606033255
1605104939923481303,19.5,24.6,293533996763,141606296376
1605104942237093157,19.5,24.7,293534484730,141606565588
1605104944540214709,19.5,24.6,293534949081,141606827922
1605104946830202106,19.4,24.7,293535389062,141607076017
1605104949097386696,19.3,24.7,293535812646,141607318656
1605104951383164787,19.2,24.7,293536248655,141607566103
1605104953634109207,19.1,24.6,293536615995,141607789632
1605104955926469813,19.1,24.8,293536990250,141608016601
1605104958191896587,19.1,24.6,293537355245,141608240447
1605104960466234748,19.0,24.7,293537724925,141608468811
1605104962730676274,18.8,24.6,293538097234,141608692601
1605104965014095483,18.8,24.7,293538519180,141608936855
1605104967283704023,18.7,24.7,293538917312,141609172501
1605104969561395373,18.7,24.7,293539350748,141609420728
1605104971823133911,18.6,24.7,293539776638,141609666686
1605104974114587302,18.5,24.6,293540244897,141609926802
1605104976401668579,18.5,24.6,293540738631,141610195898
1605104978667579426,18.5,24.8,293541192030,141610454113
1605104980963959672,18.5,24.8,293541685950,141610721587
1605104983273707020,18.5,24.7,293542139719,141610983167
1605104985600905284,18.4,24.9,293542618359,141611252264
1605104987900462138,18.4,24.8,293543110867,141611521711
1605104990217470018,18.4,24.7,293543583121,141611788892
1605104992511471847,18.4,24.8,293544059896,141612054834
1605104994767946939,18.2,24.8,293544517140,141612308145
1605104997042870659,18.2,24.8,293544995885,141612573084
1605104999356919168,18.2,24.8,293545493496,141612841138
1605105001674511332,18.2,24.8,293545970319,141613106842
1605105003945949722,18.2,24.7,293546441382,141613369552
1605105006234968651,18.2,24.7,293546877707,141613618879
1605105008502778753,18.2,24.8,293547291613,141613860992
1605105010768734146,18.1,24.8,293547705713,141614108371
1605105012994129415,18.1,24.8,293548099193,141614340385
1605105015291441964,18.0,24.9,293548473963,141614568758
1605105017543288373,17.9,24.8,293548854715,141614796705
1605105019797130755,17.8,24.8,293549224844,141615022936
1605105022045281451,17.8,24.8,293549588714,141615244803
1605105024316849437,17.8,24.8,293549987159,141615475210
1605105026586036050,17.8,24.8,293550389326,141615713797
1605105028872485390,17.7,24.8,293550831897,141615961316
1605105031149015311,17.8,24.8,293551241503,141616198975
1605105033439144389,17.7,24.7,293551703724,141616459632
1605105035710015065,17.5,24.7,293552191591,141616722599
1605105038002521107,17.7,24.8,293552660392,141616981152
1605105040258606872,17.7,24.8,293553129170,141617244958
1605105042533919756,17.7,24.9,293553599473,141617505012
1605105044831175317,17.5,24.8,293554074115,141617769819
1605105047111668793,17.6,24.8,293554538868,141618030342
1605105049410582322,17.6,24.7,293555008775,141618296426
1605105051701926029,17.5,24.7,293555499878,141618565489
1605105054007602471,17.6,24.8,293555979005,141618829875
1605105056258915551,17.6,24.8,293556450712,141619090149
1605105058539157797,17.5,24.8,293556914010,141619354062
1605105060787685301,17.4,24.8,293557381960,141619612932
1605105063075469575,17.5,24.7,293557861967,141619878339
1605105065385402223,17.4,24.7,293558337407,141620145478
1605105067656399724,17.3,24.7,293558757411,141620394158
1605105069982282900,17.3,24.7,293559202664,141620648471
1605105072209696835,17.4,24.8,293559617604,141620885662
1605105074425313836,17.4,24.7,293560002996,141621116160
1605105076669399086,17.3,24.7,293560373508,141621338003
1605105078923312017,17.3,24.8,293560747639,141621566317
1605105081180911614,17.2,24.8,293561126457,141621791557
1605105083393797094,17.3,24.7,293561488237,141622008621
1605105085673618521,17.2,24.8,293561890896,141622244595
1605105087921451770,17.2,24.7,293562328352,141622485547
1605105090164973668,17.2,24.7,293562731333,141622722092
1605105092427393529,17.3,24.7,293563152221,141622968440
1605105094727578588,17.1,24.7,293563604849,141623225178
1605105097014365734,17.1,24.8,293564081988,141623490562
1605105099359871379,17.3,24.8,293564583758,141623764231
1605105101638329973,17.4,24.8,293565031640,141624018829
1605105103924185982,17.0,24.8,293565525764,141624288405
1605105106228167060,17.0,24.7,293565988888,141624545464
1605105108492049812,17.4,24.8,293566457016,141624811340
1605105110762480815,17.0,24.7,293566916577,141625072216
1605105113048341896,17.2,24.8,293567393859,141625334533
1605105115353276957,17.2,24.8,293567885539,141625604452
1605105117603297116,17.3,24.8,293568334881,141625858063
1605105119868923911,17.0,24.8,293568825567,141626126268
1605105122166401285,17.0,24.8,293569292681,141626386826
1605105124423873436,17.1,24.7,293569767140,141626648497
1605105126686143001,17.0,24.7,293570231213,141626905360
1605105128996272615,17.0,24.8,293570653947,141627151401
1605105131279156023,17.1,24.8,293571103397,141627402646
1605105133575994798,17.1,24.8,293571524436,141627645507
1605105135849856913,16.9,24.8,293571911817,141627880128
1605105138078801248,16.9,24.7,293572282451,141628101483
1605105140359190787,16.9,24.8,293572656377,141628331803
1605105142613299278,17.0,24.8,293573018481,141628553122
1605105144819199836,16.9,24.7,293573379318,141628772384
1605105147043437941,16.9,24.8,293573765415,141629001694
1605105149323171613,16.8,24.8,293574189645,141629246956
1605105151596002708,16.9,24.8,293574610669,141629488946
1605105153866519875,16.8,24.7,293575028416,141629730866
1605105156149751899,16.7,24.7,293575512225,141629997052
1605105158435909574,16.7,24.8,293575973522,141630249685
1605105160722011779,16.7,24.9,293576461523,141630520430
1605105162992061195,16.7,24.8,293576924288,141630777114
1605105165229707979,16.7,24.7,293577395496,141631037870
1605105167520017898,16.7,24.7,293577888144,141631307292
1605105169802064325,16.7,24.7,293578342827,141631567906
1605105172083388655,16.7,24.8,293578837799,141631840250
1605105174371588741,16.7,24.7,293579298688,141632096787
1605105176635317488,16.7,24.8,293579763758,141632359995
1605105178911934206,16.7,24.8,293580220461,141632617820
1605105181193343437,16.7,24.8,293580679989,141632879276
1605105183486566980,16.7,24.7,293581173028,141633149182
1605105185739980347,16.6,24.8,293581632609,141633408595
1605105188018610096,16.7,24.9,293582099007,141633669231
1605105190278328120,16.7,24.7,293582526294,141633913352
1605105192551475778,16.6,24.8,293582942478,141634158062
1605105194827561179,16.6,24.7,293583373040,141634402952
1605105197041862268,16.6,24.7,293583752652,141634625885
1605105199263230359,16.6,24.7,293584130940,141634853294
1605105201565077973,16.6,24.7,293584510973,141635082919
1605105203852407477,16.6,24.8,293584886274,141635312674
1605105206150845713,16.6,24.7,293585265733,141635538780
1605105208437600339,16.6,24.8,293585697688,141635778750
1605105210770373893,16.6,24.9,293586132078,141636026778
1605105213060929257,16.6,24.8,293586553023,141636269828
1605105215360212375,16.6,24.8,293587001400,141636523701
1605105217638084000,16.6,24.7,293587473225,141636783728
1605105219930817576,16.6,24.8,293587937557,141637043679
1605105222177943266,16.6,24.7,293588407045,141637302283
1605105224483428871,16.6,24.7,293588905158,141637570841
1605105227933923898,16.6,25.3,293589629494,141637980860
1605105231780931662,21.1,27.5,293590513711,141638437088
1605105235668214855,98.8,32.3,293591393545,141638999986
1605105238401189872,82.2,32.8,293592370387,141639824494
1605105240909482556,58.0,33.0,293592937185,141640211945
1605105243378125876,50.0,33.0,293593478897,141640583592
1605105245890449411,45.2,33.0,293594019391,141640958809
1605105248395628232,39.8,33.0,293594567266,141641342425
1605105250937217792,36.4,33.0,293595095002,141641720099
1605105253478749335,34.9,33.1,293595641070,141642092686
1605105256007628426,32.8,33.1,293596191230,141642461554
1605105258514473650,32.0,33.0,293596740750,141642822969
1605105261074588071,30.6,33.1,293597504866,141643353810
1605105263522550468,30.2,33.0,293598123098,141643734182
1605105265982919452,29.1,33.1,293598739817,141644099071
1605105268456713460,28.7,33.0,293599374349,141644471903
1605105270928045068,28.1,33.0,293599999334,141644849506
1605105273516763513,27.8,33.1,293600706262,141645263979
1605105276075609018,27.3,33.1,293601382298,141645666145
1605105278582971383,27.0,33.0,293602082338,141646070114
1605105281076881107,26.4,33.1,293602804724,141646475141
1605105283637208632,26.3,33.1,293603574138,141646904061
1605105286164817331,25.9,33.1,293604360915,141647345514
1605105288777052293,25.8,33.1,293605176748,141647792191
1605105291355820865,25.5,33.1,293605991540,141648239400
1605105293928963000,25.5,33.2,293606774169,141648671409
1605105296502624680,25.2,33.1,293607585896,141649118921
1605105299046168756,25.0,33.0,293608386448,141649556630
1605105301635834820,25.0,33.0,293609189422,141650002546
1605105304153195058,24.8,33.1,293609958517,141650429882
1605105306734500230,24.8,33.0,293610763896,141650873760
1605105309315429913,24.7,33.1,293611571076,141651316237
1605105311871307132,24.6,33.1,293612322224,141651739364
1605105314366125095,24.3,33.1,293613031942,141652146187
1605105316864732500,24.3,33.2,293613764314,141652558873
1605105319421379584,24.3,33.2,293614495930,141652975189
1605105321959773148,24.2,33.1,293615192548,141653373427
1605105324484292366,24.0,33.2,293615860581,141653763082
1605105326991523953,23.9,33.2,293616487156,141654135499
1605105329522723516,23.9,33.2,293617090622,141654506197
1605105332031987968,23.9,33.2,293617757182,141654897763
1605105334582959698,23.8,33.3,293618441887,141655294260
1605105337134723453,23.6,33.2,293619107631,141655683919
1605105339637647556,23.5,33.2,293619813544,141656086034
1605105342178863152,23.4,33.3,293620525483,141656501633
1605105344755378422,23.4,33.2,293621306981,141656934429
1605105347331863744,23.4,33.2,293622110087,141657371472
1605105349924869663,23.4,33.3,293622904767,141657817512
1605105352489418413,23.2,33.3,293623711021,141658258579
1605105355050386120,23.2,33.4,293624512918,141658699624
1605105357646564840,23.3,33.4,293625315755,141659140463
1605105360179981520,23.2,33.3,293626104442,141659577782
1605105362759601511,23.2,33.3,293626912378,141660017448
1605105365327989873,23.2,33.2,293627718209,141660465443
1605105367936804535,23.1,33.3,293628539679,141660915840
1605105370505693495,23.0,33.3,293629346638,141661356737
1605105373016692907,23.0,33.3,293630111180,141661777338
1605105375578816613,23.0,33.4,293630846194,141662198126
1605105378054736040,23.0,33.4,293631576410,141662608118
1605105380627426656,23.0,33.3,293632308318,141663029874
1605105383142298512,23.0,33.4,293632983501,141663418621
1605105385655845783,23.0,33.3,293633659935,141663812849
1605105388193881701,23.0,33.4,293634292751,141664189202
1605105390644963776,22.9,33.4,293634906595,141664550496
1605105393177341432,22.7,33.4,293635582039,141664943270
1605105395703636542,22.6,33.3,293636252317,141665332334
1605105398196507963,22.6,33.3,293636910327,141665721021
1605105400741044977,22.5,33.4,293637617996,141666128310
1605105403308599452,22.5,33.3,293638374321,141666551280
1605105405902206716,22.5,33.3,293639118069,141666974876
1605105408486267295,22.5,33.3,293639912040,141667415717
1605105411093701450,22.5,33.4,293640758049,141667870807
1605105413673998224,22.5,33.4,293641573870,141668315241
1605105416314814405,22.4,33.4,293642404857,141668768498
1605105418912567131,22.4,33.2,293643200281,141669210771
1605105421490356688,22.4,33.2,293643994615,141669651548
1605105424015056991,22.4,33.2,293644765622,141670080984
1605105426525884266,22.4,33.3,293645530682,141670511451
1605105429135054363,22.4,33.3,293646337576,141670954594
1605105431709838256,22.4,33.3,293647133972,141671398065
1605105434229352301,22.3,33.3,293647889695,141671823629
1605105436782463494,22.3,33.3,293648637137,141672243798
1605105439320260486,22.2,33.3,293649367915,141672660398
1605105441868674538,22.3,33.3,293650103120,141673076182
1605105444370464051,22.2,33.3,293650792493,141673470270
1605105446904516344,22.2,33.3,293651468595,141673867037
1605105449403012528,22.2,33.2,293652077778,141674237242
1605105451900928461,22.2,33.3,293652691354,141674606476
1605105454369049957,22.2,33.3,293653316292,141674980670
1605105456840439099,22.2,33.3,293653987381,141675370634
1605105459369092298,22.1,33.2,293654684035,141675765206
1605105461869138937,22.1,33.3,293655378939,141676160484
1605105464363079460,22.1,33.2,293656075943,141676559755
1605105466870665831,22.1,33.2,293656819299,141676975026
1605105469422991743,22.1,33.3,293657597971,141677413806
1605105471938365462,22.1,33.2,293658366895,141677840000
1605105474506094230,22.1,33.3,293659157381,141678281399
1605105477083001523,22.1,33.3,293659966337,141678722700
1605105479651266433,22.1,33.1,293660766850,141679163152
1605105482196677713,22.1,33.2,293661532445,141679595812
1605105484748456046,22.1,33.2,293662327671,141680039181
1605105487306389023,22.1,33.1,293663120211,141680478567
1605105489881952922,22.1,33.1,293663916167,141680919770
1605105492446597420,22.1,33.2,293664707107,141681359185
1605105495006040900,22.0,33.2,293665511470,141681795787
1605105497520264447,22.0,33.2,293666248980,141682213393
1605105500082178475,22.0,33.2,293667026415,141682642005
1605105502576786966,22.0,33.1,293667740217,141683048873
1605105505114632827,22.0,33.3,293668433432,141683450724
1605105507568832992,22.0,33.1,293669105220,141683837388
1605105510079782534,21.9,33.2,293669749672,141684219620
1605105512523720024,22.0,33.2,293670349032,141684582090
1605105514946294537,21.8,33.1,293670942563,141684942236
1605105517402296384,21.8,33.1,293671588925,141685323542
1605105519844610696,21.8,33.2,293672257688,141685704294
1605105522360152914,21.8,33.1,293672934945,141686093418
1605105524883751895,21.8,33.1,293673644104,141686500408
1605105527366275776,21.8,33.1,293674337913,141686903554
1605105529871917823,21.8,33.1,293675123222,141687334055
1605105532385369719,21.6,33.2,293675886691,141687759884
1605105534922034856,21.6,33.3,293676670223,141688195058
1605105537480283373,21.6,33.3,293677458457,141688634749
1605105540027905836,21.6,33.2,293678251129,141689072068
1605105542587926085,21.7,33.2,293679034372,141689511797
1605105545136435288,21.6,33.2,293679827948,141689948097
1605105547668481710,21.7,33.2,293680599264,141690380864
1605105550219506669,21.7,33.2,293681380488,141690818157
1605105552756626760,21.7,33.2,293682175635,141691254616
1605105555260903650,21.7,33.3,293682957157,141691681724
1605105557745532535,21.7,33.2,293683708554,141692102709
1605105560252650523,21.7,33.2,293684447664,141692522024
1605105562719874926,21.7,33.3,293685169481,141692927718
1605105565228197989,21.7,33.3,293685900474,141693339034
1605105567688544399,21.7,33.3,293686553091,141693720305
1605105570195699825,21.7,33.2,293687227071,141694113433
1605105572618201552,21.7,33.3,293687829111,141694473088
1605105575104851073,21.6,33.3,293688451982,141694842576
1605105577584598269,21.7,33.3,293689093028,141695222136
1605105580115486964,21.6,33.2,293689774719,141695613408
1605105582623084668,21.6,33.2,293690442109,141696001120
1605105585157621293,21.6,33.3,293691118091,141696395892
1605105587723762855,21.5,33.2,293691873766,141696816797
1605105590274511749,21.6,33.3,293692642979,141697244490
1605105592826746672,21.5,33.3,293693426320,141697675547
1605105595329768147,21.5,33.2,293694204392,141698101348
1605105598530459421,21.5,33.2,293695191161,141698653339
1605105602797981436,34.8,41.2,293696533488,141699392652
1605105606807221403,43.2,36.2,293697866696,141700091317
1605105610525860536,81.4,41.7,293699303479,141701094891
1605105613406365682,70.8,41.5,293700416880,141701899381
1605105616169468597,55.9,41.6,293701301987,141702472914
1605105618933747966,50.8,41.6,293702196774,141703052325
1605105621739376433,45.4,41.6,293703065670,141703621383
1605105624634736674,41.9,41.5,293703944123,141704204451
1605105627449205205,39.5,41.6,293704850208,141704778942
1605105630274043189,37.6,41.6,293705717004,141705334057
1605105633024371176,36.8,41.6,293706532987,141705863861
1605105635773398180,35.6,41.6,293707364471,141706400747
1605105638580752639,34.7,41.5,293708430156,141707105978
1605105641373083454,33.9,41.7,293709410464,141707676483
1605105644172223352,33.7,41.7,293710382171,141708244957
1605105647059977085,33.0,41.7,293711387290,141708832039
1605105649839008636,32.6,41.7,293712397186,141709424588
1605105652656594714,31.9,41.7,293713474957,141710028835
1605105655433916791,31.5,41.7,293714541709,141710631814
1605105658256945945,31.3,41.7,293715696991,141711269720
1605105661085997457,31.3,41.7,293716885546,141711916344
1605105663990261191,30.8,41.7,293718095364,141712582913
1605105666821150330,30.5,41.8,293719255307,141713224844
1605105669751432790,30.4,41.7,293720490545,141713891733
1605105672655281902,30.2,41.8,293721703627,141714552001
1605105675560214976,29.9,41.8,293722891059,141715209574
1605105678429931464,29.9,41.8,293724046152,141715855324
1605105681283724233,29.6,41.8,293725205862,141716505824
1605105684149617113,29.7,41.7,293726360111,141717140183
1605105687006020143,29.5,41.8,293727488677,141717770311
1605105689886446951,29.4,41.8,293728631995,141718399161
1605105692715600556,29.3,41.8,293729683093,141718999001
1605105695531576692,29.2,41.8,293730694937,141719585498
1605105698319968257,29.1,41.8,293731678175,141720161422
1605105701081827318,29.1,41.8,293732581456,141720703677
1605105703863538070,28.9,41.8,293733536443,141721265684
1605105706639966721,28.9,41.8,293734504631,141721830414
1605105709402457753,28.8,41.7,293735472558,141722399041
1605105712184008243,28.7,41.7,293736501911,141722987665
1605105714971441796,28.7,41.8,293737567034,141723583769
1605105717790897081,28.6,41.8,293738687613,141724206001
1605105720666154810,28.5,41.8,293739854436,141724858419
1605105723540629796,28.3,41.8,293741014588,141725511371
1605105726428376860,28.3,41.8,293742212721,141726167517
1605105729267000385,28.3,41.8,293743384249,141726809329
1605105732081517100,28.3,41.7,293744567134,141727452361
1605105734894613848,28.3,41.8,293745702102,141728084925
1605105737809622776,28.3,41.8,293746913555,141728746263
1605105740665072357,28.2,41.7,293748097370,141729394385
1605105743581057832,28.0,41.8,293749300552,141730057818
1605105746429871891,28.0,41.8,293750414207,141730687711
1605105749317411883,28.0,41.8,293751558191,141731321188
1605105752165185715,28.0,41.8,293752674659,141731944053
1605105754969238198,28.0,41.7,293753698702,141732538334
1605105757754280135,28.0,41.7,293754706675,141733124157
1605105760496881940,28.0,41.7,293755675676,141733686778
1605105763206931372,28.0,41.8,293756569452,141734221284
1605105765954976549,28.0,41.8,293757508426,141734775172
1605105768742464428,27.7,41.7,293758484274,141735345973
1605105771539675655,27.6,41.7,293759472059,141735916709
1605105774280383702,27.6,41.8,293760485985,141736491383
1605105777110766615,27.6,41.7,293761562309,141737099890
1605105779951564085,27.6,41.7,293762674523,141737725477
1605105782827160788,27.5,41.8,293763828435,141738374422
1605105785681055989,27.5,41.8,293765009943,141739026416
1605105788504372264,27.5,41.8,293766175294,141739667049
1605105791386413251,27.4,41.7,293767363730,141740321460
1605105794255324771,27.4,41.7,293768534730,141740968950
1605105797220923500,27.4,41.7,293769759698,141741646739
1605105800115440207,27.4,41.7,293770934683,141742302204
1605105802973932099,27.4,41.7,293772133563,141742954556
1605105805789142620,27.4,41.5,293773278734,141743590240
1605105808575425212,27.2,41.6,293774400483,141744212187
1605105811398695374,27.2,41.6,293775521182,141744836633
1605105814201902214,27.2,41.6,293776580157,141745442600
1605105817047906834,27.3,41.6,293777661980,141746053919
1605105819850547565,27.2,41.6,293778689332,141746645020
1605105822576420004,27.2,41.6,293779635367,141747202851
1605105825322701189,27.1,41.6,293780541426,141747742901
1605105828083537569,27.1,41.6,293781502939,141748303261
1605105830819682541,27.1,41.7,293782439347,141748860441
1605105833561662289,27.1,41.7,293783415582,141749417842
1605105836355810859,27.1,41.7,293784436694,141750005384
1605105839138444933,27.1,41.7,293785497660,141750600907
1605105842026618361,27.1,41.7,293786619409,141751230699
1605105844851430532,27.1,41.6,293787760872,141751869551
1605105847652382021,27.1,41.7,293788896084,141752499538
1605105850529147257,27.1,41.6,293790098937,141753152602
1605105853350433431,27.1,41.6,293791277745,141753798543
1605105856203133333,27.1,41.7,293792461827,141754453063
1605105859076828122,27.1,41.7,293793659868,141755114168
1605105861940722004,27.1,41.7,293794828842,141755760660
1605105864791098107,27.1,41.6,293795999949,141756410323
1605105867677057534,27.1,41.7,293797161152,141757056611
1605105870553766347,26.9,41.6,293798326668,141757700936
1605105873327221526,26.9,41.6,293799429641,141758313691
1605105876173271205,27.0,41.6,293800516314,141758927004
1605105879027100544,26.9,41.7,293801631821,141759554517
1605105881874683676,26.9,41.7,293802702586,141760161040
1605105884731178141,26.9,41.6,293803692441,141760742241
1605105887517181042,26.9,41.7,293804637327,141761295735
1605105890314606338,26.8,41.7,293805600133,141761862055
1605105893117563519,26.8,41.6,293806561087,141762432035
1605105895929771508,26.8,41.6,293807543667,141763004483
1605105898769648668,26.8,41.7,293808553328,141763595765
1605105901546594849,26.8,41.7,293809619216,141764190185
1605105904405616214,26.8,41.7,293810727676,141764810103
1605105907247249538,26.8,41.6,293811860963,141765442948
1605105910117404645,26.8,41.7,293813047206,141766092125
1605105913032447286,26.8,41.6,293814253928,141766754010
1605105915824755576,26.8,41.6,293815413156,141767387494
1605105918702102382,26.7,41.6,293816602217,141768042488
1605105921543066967,26.7,41.6,293817764465,141768689278
1605105924430679076,26.7,41.7,293818961775,141769343957
1605105927298810609,26.7,41.7,293820132165,141769995143
1605105930187485497,26.7,41.7,293821320290,141770648919
1605105933069958775,26.7,41.7,293822499006,141771299560
1605105935863714164,26.7,41.7,293823599904,141771916144
1605105938652648472,26.7,41.6,293824700723,141772531508
1605105941499098012,26.6,41.7,293825798981,141773151535
1605105944301264142,26.6,41.7,293826827079,141773746921
1605105947103678986,26.6,41.7,293827822636,141774321511
1605105949899117008,26.6,41.7,293828750994,141774885718
1605105952752331926,26.6,41.7,293829745297,141775453075
1605105955575697733,26.6,41.7,293830727311,141776016420
1605105958371075943,26.6,41.7,293831677994,141776575211
1605105961155051940,26.6,41.7,293832687189,141777155212
1605105963971612953,26.6,41.7,293833746318,141777752962
1605105966804340721,26.6,41.8,293834816550,141778374453
1605105969737617899,26.5,41.8,293836012978,141779035594
1605105974546222525,26.5,42.5,293838023566,141780138883
1605105978937769257,69.5,44.8,293839927158,141781156280
1605105983438478466,94.2,47.1,293841796416,141782224857
1605105986972399619,88.9,48.8,293843525591,141783425840
1605105990294020683,68.4,49.9,293845084454,141784448185
1605105993459545077,57.8,49.9,293846399614,141785280519
1605105996637045544,49.7,50.0,293847730452,141786112526
1605105999836237788,46.5,49.9,293849002324,141786930422
1605106002956607533,44.1,50.0,293850312559,141787741392
1605106006111004672,42.4,49.9,293851597013,141788539988
1605106009232882995,41.2,50.0,293852826862,141789320379
1605106012272724732,40.1,50.0,293854228006,141790226877
1605106015267026024,39.5,50.0,293855469607,141790975103
1605106018307592551,38.6,50.0,293856744806,141791734176
1605106021494428564,38.1,50.1,293858127050,141792535845
1605106024571178858,37.3,50.0,293859464550,141793323493
1605106027694674719,37.0,50.0,293860892736,141794138643
1605106030960897014,36.6,50.0,293862467333,141795031697
1605106034246867194,36.2,50.0,293864101510,141795944910
1605106037485309791,36.0,50.1,293865760825,141796852152
1605106040794135553,35.6,50.1,293867461883,141797788820
1605106044008995669,35.4,50.1,293869123450,141798697880
1605106047259550908,35.3,50.0,293870792992,141799613280
1605106050507048445,35.1,50.1,293872418276,141800518601
1605106053763456811,34.9,50.0,293874109987,141801449394
1605106056960042630,34.8,50.0,293875765601,141802352071
1605106060204226285,34.6,50.1,293877393256,141803265273
1605106063430703027,34.6,50.1,293878986570,141804157765
1605106066653699742,34.3,50.1,293880554468,141805046458
1605106069837155234,34.2,50.1,293882075043,141805918925
1605106072905819100,34.2,50.1,293883512277,141806732312
1605106075975562817,34.1,50.1,293884807747,141807498881
1605106078977806575,33.9,50.0,293886046477,141808235816
1605106082126082085,33.9,50.1,293887397878,141809022817
1605106085237046782,33.9,50.0,293888721125,141809803906
1605106088322549375,33.6,50.1,293890059441,141810590193
1605106091485673503,33.6,50.0,293891491098,141811416617
1605106094736337427,33.4,50.1,293893071770,141812306497
1605106097946065954,33.5,50.0,293894697539,141813202164
1605106101245112318,33.3,50.0,293896383262,141814133346
1605106104486592985,33.3,50.1,293898026221,141815047309
1605106107664551294,33.3,50.1,293899638458,141815940951
1605106110883587713,33.2,50.1,293901256738,141816837995
1605106114049191251,33.2,50.1,293902888231,141817728295
1605106117315840349,33.2,50.0,293904593735,141818658204
1605106120524848830,33.0,50.1,293906254100,141819571855
1605106123803506387,33.0,50.1,293907957480,141820499825
1605106126947216190,33.0,50.1,293909530384,141821367656
1605106130207070837,33.0,50.1,293911147562,141822273354
1605106133425603601,33.0,50.0,293912699476,141823145908
1605106136598556538,33.0,50.0,293914158590,141823978497
1605106139671462530,33.0,50.1,293915436205,141824740457
1605106142728755120,32.9,50.0,293916687806,141825489887
1605106145865707310,32.9,50.1,293918032070,141826274312
1605106148970394793,32.8,50.0,293919339855,141827049231
1605106152096563245,32.6,50.0,293920697794,141827843254
1605106155250686001,32.4,50.2,293922109119,141828663831
1605106158539541337,32.4,50.2,293923730945,141829573032
1605106161709543696,32.3,50.1,293925316310,141830455038
1605106164974754943,32.3,50.2,293926995874,141831376539
1605106168201910417,32.4,50.2,293928648782,141832283508
1605106171477478768,32.4,50.2,293930290343,141833200078
1605106174769256908,32.2,50.2,293931972299,141834134376
1605106177949709715,32.4,50.1,293933577507,141835026908
1605106181218959971,32.4,50.1,293935238055,141835938339
1605106184454965805,32.4,50.2,293936873698,141836843423
1605106187627097743,32.2,50.1,293938469187,141837727853
1605106190815568594,32.2,50.2,293940071562,141838617956
1605106193934964595,32.2,50.2,293941586471,141839471005
1605106197138423979,32.2,50.1,293943163683,141840348075
1605106200340544121,32.3,50.2,293944662330,141841199845
1605106203419103008,32.3,50.1,293945961312,141841962580
1605106206496813647,32.1,50.2,293947224476,141842725004
1605106209584776128,32.0,50.1,293948493038,141843488427
1605106212655882611,32.0,50.2,293949782233,141844260091
1605106215765746599,32.0,50.2,293951123804,141845038115
1605106218942170345,32.0,50.2,293952575987,141845869713
1605106222194783785,32.0,50.1,293954166294,141846759375
1605106225501242653,32.0,50.2,293955871219,141847693834
1605106228773348421,31.9,50.2,293957545993,141848608735
1605106231966180634,31.9,50.1,293959195421,141849511767
1605106235137205821,31.9,50.2,293960804056,141850404497
1605106238431013202,32.0,50.2,293962491999,141851337982
1605106241719593803,31.8,50.2,293964171273,141852263844
1605106245000963971,31.8,50.2,293965859614,141853190853
1605106248244575798,31.9,50.2,293967495596,141854096557
1605106251509559283,31.9,50.1,293969181257,141855022740
1605106254677180845,31.8,50.2,293970761003,141855900722
1605106257879904223,31.8,50.2,293972316152,141856776370
1605106261011794840,31.8,50.2,293973816825,141857626736
1605106264106760828,31.8,50.1,293975234723,141858441703
1605106267168406300,31.8,50.2,293976516637,141859203374
1605106270171145296,31.8,50.2,293977746153,141859937057
1605106273183584266,31.7,50.1,293978979211,141860675767
1605106276180156433,31.7,50.1,293980230617,141861422610
1605106279165286658,31.6,50.2,293981514552,141862180166
1605106282290692277,31.6,50.2,293982907199,141862985943
1605106285471512087,31.6,50.1,293984443076,141863850474
1605106288614342415,31.6,50.2,293986047292,141864733858
1605106291900951973,31.6,50.2,293987761995,141865664284
1605106295121308419,31.6,50.2,293989384886,141866569006
1605106298306262916,31.6,50.2,293991018050,141867470560
1605106301544456700,31.6,50.2,293992635427,141868372726
1605106304700571022,31.5,50.2,293994254678,141869262284
1605106307998750112,31.5,50.1,293995929400,141870191394
1605106311278815068,31.5,50.1,293997582494,141871113458
1605106314516766077,31.5,50.1,293999203042,141872017422
1605106317695281940,31.5,50.2,294000832788,141872914108
1605106320799625315,31.5,50.2,294002345692,141873768068
1605106324024450462,31.5,50.1,294003907315,141874640572
1605106327094190080,31.5,50.2,294005335401,141875454079
1605106330175983013,31.5,50.1,294006657731,141876221990
1605106333202015203,31.4,50.2,294007877230,141876956773
1605106336210005201,31.4,50.1,294009111563,141877687089
1605106339275933853,31.4,50.2,294010387528,141878455426
1605106342335928920,31.4,50.2,294011694325,141879217934
1605106346033376722,31.4,50.1,294013342617,141880179129
1605106351228949634,37.4,53.5,294015841847,141881592225
1605106355917891197,76.5,53.8,294018286291,141882914445
1605106360670295717,101.0,55.9,294020720931,141884285505
1605106364751094896,113.9,58.5,294023009218,141885759473
1605106368493963570,70.6,58.3,294025133272,141887161581
1605106372113007331,58.8,58.4,294027043894,141888325346
1605106375802313464,54.2,58.5,294028973211,141889499689
1605106379551768569,50.3,58.5,294030912429,141890685612
1605106383290735760,47.5,58.5,294032948656,141891886935
1605106386956691104,46.6,58.5,294034913864,141893055535
1605106390558397852,45.0,58.5,294036814044,141894182419
1605106394127809396,43.9,58.5,294038783171,141895317753
1605106397543831442,43.4,58.4,294040565688,141896447718
1605106401058841638,42.4,58.4,294042278943,141897481868
1605106404492310451,42.0,58.5,294043969989,141898495144
1605106407929232236,41.4,58.4,294045759604,141899531027
1605106411524938794,41.2,58.6,294047665414,141900638913
1605106415195174632,40.8,58.6,294049802359,141901837265
1605106418875172357,40.6,58.6,294052018691,141903065766
1605106422605118065,40.2,58.6,294054259037,141904306556
1605106426263968393,40.0,58.6,294056462177,141905533462
1605106429845452326,39.9,58.5,294058607301,141906731627
1605106433482021285,39.7,58.6,294060819424,141907952256
1605106437205015199,39.3,58.6,294063099202,141909204486
1605106440956422351,39.3,58.5,294065348283,141910460453
1605106444636913774,39.2,58.6,294067529803,141911689336
1605106448262237463,39.0,58.6,294069699046,141912891857
1605106451950023557,39.1,58.6,294071942439,141914120358
1605106455591484155,38.8,58.5,294073989079,141915301577
1605106459176795933,38.7,58.6,294075940635,141916426211
1605106462706677388,38.7,58.6,294077684864,141917464009
1605106466124574900,38.4,58.5,294079361944,141918467634
1605106469518012608,38.5,58.5,294081017941,141919457260
1605106472957013522,38.2,58.6,294082786843,141920499656
1605106476485627793,38.1,58.5,294084674948,141921583555
1605106480163523541,38.1,58.5,294086779531,141922776487
1605106483899669091,38.0,58.6,294089054601,141924025130
1605106487599006187,38.0,58.5,294091253735,141925262040
1605106491355579916,38.0,58.6,294093579458,141926527863
1605106495025537261,38.0,58.5,294095795341,141927760154
1605106498783215178,37.9,58.5,294098055880,141929016520
1605106502429656217,37.8,58.5,294100244261,141930236057
1605106506112051945,37.6,58.5,294102486949,141931468758
1605106509816134306,37.7,58.5,294104727798,141932708341
1605106513434972793,37.6,58.5,294106949177,141933922609
1605106517134627699,37.6,58.6,294109121139,141935139072
1605106520744286474,37.7,58.6,294111197208,141936316210
1605106524302423064,37.7,58.5,294113173519,141937446084
1605106527771894753,37.7,58.6,294114916788,141938471722
1605106531274621102,37.4,58.6,294116602482,141939492663
1605106534678005458,37.4,58.6,294118263673,141940484980
1605106538136585058,37.2,58.5,294120024603,141941532697
1605106541672315169,37.2,58.6,294121901513,141942615399
1605106545289638742,37.2,58.6,294123995732,141943788643
1605106548930751261,37.2,58.5,294126166602,141945003608
1605106552687509607,37.2,58.6,294128420924,141946257515
1605106556379281694,37.1,58.6,294130663954,141947501677
1605106560117844123,37.1,58.6,294132904456,141948752110
1605106563829877763,37.0,58.6,294135146139,141949987530
1605106567525081531,37.0,58.6,294137408251,141951241372
1605106571223710365,36.9,58.6,294139634486,141952479794
1605106574849760005,36.9,58.5,294141808754,141953687310
1605106578443140847,36.8,58.6,294144005437,141954902945
1605106582122499993,36.8,58.6,294146209037,141956123855
1605106585728600343,37.0,58.6,294148256998,141957289238
1605106589301841950,36.9,58.5,294150260450,141958421133
1605106592725662846,36.9,58.6,294151953184,141959430174
1605106596121968335,36.6,58.5,294153618492,141960424963
1605106599569098325,36.6,58.5,294155305219,141961429199
1605106603121905275,36.6,58.5,294157105940,141962502004
1605106606628908983,36.6,58.6,294158957473,141963570429
1605106610203397771,36.6,58.5,294161012658,141964725858
1605106613860036611,36.6,58.6,294163218486,141965942764
1605106617506122416,36.6,58.5,294165397099,141967153504
1605106621044626205,36.6,58.5,294167529306,141968327826
1605106624587419651,36.6,58.5,294169687812,141969507387
1605106628169948523,36.6,58.5,294171890660,141970719686
1605106631784293038,36.6,58.5,294174031235,141971920859
1605106635469596608,36.5,58.6,294176217788,141973144301
1605106639145910716,36.5,58.6,294178411219,141974375889
1605106643010350029,36.5,58.6,294180758115,141975672575
1605106646697446283,36.5,58.5,294182932099,141976894506
1605106650293028978,36.5,58.6,294184969113,141978051372
1605106653743537804,36.5,58.5,294186898911,141979156012
1605106657166691317,36.5,58.6,294188663521,141980185650
1605106660466572888,36.5,58.6,294190312430,141981156224
1605106663878027998,36.5,58.6,294191986839,141982150656
1605106667284319351,36.5,58.6,294193711646,141983170489
1605106670809859927,36.5,58.5,294195539962,141984244818
1605106674405147593,36.5,58.5,294197505117,141985366991
1605106678104996411,36.5,58.6,294199683508,141986584695
1605106681724526930,36.5,58.5,294201873090,141987801103
1605106685411138996,36.5,58.6,294204053883,141989027386
1605106689004291762,36.5,58.6,294206231278,141990224204
1605106692574419326,36.5,58.6,294208366329,141991422358
1605106696264115815,36.4,58.6,294210588857,141992664772
1605106700012589854,36.4,58.5,294212749528,141993902836
1605106703681202445,36.4,58.6,294214900185,141995108266
1605106707440983836,36.4,58.5,294217084828,141996333044
1605106711103984450,36.4,58.6,294219217471,141997519826
1605106714849292322,36.4,58.5,294221401191,141998752037
1605106718325521857,36.4,58.5,294223398736,141999874370
1605106721670287950,36.4,58.5,294225223254,142000942596
1605106727049802299,37.2,59.3,294227912013,142002544657
1605106731829958577,39.7,61.3,294230302709,142003951170
1605106736713736116,85.0,63.8,294232826069,142005434255
1605106741282005564,93.5,67.0,294235461359,142007120645
1605106745641667245,75.5,66.7,294238313576,142008989916
1605106749905048009,62.0,66.8,294240946747,142010567936
1605106753908945783,57.0,66.8,294243388251,142012053364
1605106758048430514,53.9,66.7,294245971108,142013595202
1605106762326873159,51.6,66.8,294248724421,142015205136
1605106766574444094,50.2,66.7,294251404853,142016796880
1605106770727713562,48.5,66.8,294254114405,142018356754
1605106774826294830,47.6,66.7,294256905976,142020011985
1605106779017613629,47.0,66.8,294259708470,142021616789
1605106782974422568,46.5,66.8,294262307694,142023104987
1605106787083088640,45.9,66.7,294264921820,142024603114
1605106791014234745,45.6,66.9,294267392854,142026043621
1605106794789092843,45.2,66.9,294269638499,142027364833
1605106798679750274,44.9,66.9,294271918864,142028712650
1605106802654215728,44.7,66.8,294274322800,142030112074
1605106806594012140,44.5,66.9,294276799171,142031533269
1605106810597510829,44.3,66.8,294279402705,142033013325
1605106814614537223,44.1,66.9,294282044939,142034518225
1605106818750819230,44.0,66.9,294284952470,142036132903
1605106822880995821,43.8,66.8,294287762117,142037710116
1605106827046112283,43.7,66.8,294290720708,142039325759
1605106831199977005,43.6,66.8,294293577004,142040918942
1605106835281999160,43.4,66.9,294296354502,142042483554
1605106839430165045,43.4,66.9,294299197559,142044070641
1605106843555411916,43.2,66.8,294301954259,142045628069
1605106847646556171,43.2,66.8,294304681743,142047171985
1605106851539000870,42.9,66.9,294307273662,142048628390
1605106855602578652,42.9,66.9,294309941638,142050145517
1605106859417912704,42.8,66.8,294312326483,142051515636
1605106863193347466,42.8,66.9,294314550496,142052827915
1605106866920923065,42.8,66.8,294316763426,142054125230
1605106870755575310,42.8,66.9,294319080811,142055480577
1605106874651674959,42.7,66.9,294321514151,142056883541
1605106878804780111,42.6,66.9,294324261537,142058442940
1605106882981240316,42.5,66.9,294327136624,142060044322
1605106887160747001,42.5,66.9,294330003829,142061637736
1605106891230337023,42.4,66.9,294332776342,142063196904
1605106895391677469,42.4,66.8,294335637430,142064800138
1605106899571124675,42.4,66.8,294338520391,142066398175
1605106903668777128,42.4,66.9,294341301488,142067968810
1605106907755668489,42.2,66.8,294344033567,142069509509
1605106911977543709,42.2,66.8,294346889691,142071112311
1605106916035728608,42.2,66.9,294349581883,142072639961
1605106919977676567,42.2,66.8,294352160933,142074095420
1605106923890801099,42.1,66.9,294354746521,142075553810
1605106927779100503,42.1,66.9,294357168757,142076965051
1605106931535238610,42.1,66.9,294359368127,142078264568
1605106935250395776,42.1,66.9,294361555543,142079558665
1605106939177378021,42.1,66.8,294363945137,142080957245
1605106943114983646,42.1,66.8,294366396750,142082380226
1605106947177445517,42.0,66.8,294369032232,142083876779
1605106951269590343,41.9,66.8,294371828190,142085454285
1605106955239022959,41.7,66.9,294374601474,142086984603
1605106959406565155,41.7,66.8,294377520393,142088599273
1605106963572309262,41.6,66.9,294380339212,142090188870
1605106967565660637,41.6,66.9,294383083161,142091709262
1605106971699225927,41.6,66.9,294385856026,142093273620
1605106975849042981,41.6,66.9,294388598065,142094830818
1605106979929735841,41.6,66.9,294391314006,142096367084
1605106984013023952,41.6,66.9,294394078079,142097898712
1605106988001520466,41.6,66.9,294396747892,142099421012
1605106991966931264,41.5,66.9,294399331347,142100886819
1605106995815559174,41.5,66.8,294401804764,142102311510
1605106999652461491,41.5,66.9,294404106068,142103662651
1605107003544209062,41.5,66.9,294406432686,142105034441
1605107007398419406,41.5,66.9,294408745355,142106391913
1605107011355559210,41.4,66.8,294411134796,142107793882
1605107015214681869,41.4,66.8,294413559966,142109190275
1605107019219349842,41.4,66.8,294416290254,142110725940
1605107023343830699,41.4,66.8,294419148243,142112311126
1605107027552954075,41.4,66.8,294422018948,142113925764
1605107031750961452,41.4,66.9,294424954365,142115557819
1605107035754024361,41.4,66.9,294427579272,142117052262
1605107039676846517,41.4,66.9,294430215032,142118537229
1605107043726132096,41.4,66.9,294433001932,142120080430
1605107047921532208,41.4,66.9,294435782999,142121649935
1605107052037793043,41.5,66.9,294438545937,142123210677
1605107056085211405,41.5,66.8,294441274986,142124744833
1605107060003068799,41.5,66.9,294443888696,142126224318
1605107063833434570,41.4,66.8,294446348558,142127631596
1605107067566934566,41.4,66.8,294448608798,142128948153
1605107071317702084,41.3,66.8,294450841215,142130251490
1605107075176835205,41.3,66.9,294453193879,142131620813
1605107079161982158,41.3,66.9,294455568933,142133032610
1605107083107910560,41.3,66.8,294457970128,142134436971
1605107087117118774,41.3,66.8,294460580518,142135912950
1605107091156140790,41.3,66.9,294463277851,142137436157
1605107095310277243,41.2,66.8,294466085915,142139018797
1605107099407303061,41.3,66.9,294468885260,142140580312
1605107105422422738,41.2,66.9,294472958687,142142868067
1605107110587113830,50.2,67.8,294476384406,142144820156
1605107115740283745,50.0,69.7,294479908138,142146773339
1605107121096309378,69.2,72.9,294483543795,142148820886
1605107126141612615,69.8,75.3,294487005881,142150911884
1605107130849278679,73.6,74.8,294490267160,142152997168
1605107135423221113,63.6,75.0,294493443885,142155041964
1605107139747015435,59.0,75.1,294496145844,142156745829
1605107144179078491,56.8,75.2,294498927678,142158481130
1605107148533605245,55.0,75.3,294501647102,142160190612
1605107153039291135,53.5,75.2,294504607599,142162007449
1605107157669834461,52.8,75.3,294507971389,142163953717
1605107162423787442,51.7,75.3,294511688894,142166134384
1605107167106619903,51.1,75.4,294515253080,142168165813
1605107171695631300,50.7,75.4,294518777998,142170153553
1605107176359936710,50.3,75.3,294522350039,142172152004
1605107181017135277,50.1,75.4,294525866635,142174158335
1605107185711772219,49.7,75.3,294529414726,142176160481
1605107190412515273,49.5,75.4,294532966597,142178170036
1605107194874454143,49.1,75.4,294536377923,142180076172
1605107199462736674,48.9,75.3,294539865629,142182040435
1605107203895674419,48.6,75.3,294543194620,142183925598
1605107208180243579,48.6,75.3,294546249543,142185680457
1605107212462019246,48.6,75.4,294549274099,142187436331
1605107216780946091,48.3,75.4,294552263563,142189174697
1605107221107849427,48.2,75.3,294555263774,142190921831
1605107225600163877,48.2,75.4,294558491834,142192769279
1605107230216823284,48.0,75.4,294561984520,142194738178
1605107234861530453,47.9,75.4,294565523877,142196727799
1605107239505653210,47.8,75.4,294569110483,142198755988
1605107244133036415,47.6,75.4,294572678635,142200736534
1605107248732794715,47.6,75.4,294576122431,142202701229
1605107253319576931,47.5,75.4,294579601167,142204677326
1605107257890154439,47.4,75.4,294583010678,142206623184
1605107262434713726,47.4,75.4,294586393724,142208569186
1605107267116314887,47.2,75.3,294589972751,142210574223
1605107271760806978,47.2,75.4,294593495904,142212574719
1605107276173936672,47.2,75.3,294596720486,142214419138
1605107280622147018,47.2,75.3,294599879264,142216243467
1605107285001223280,47.2,75.4,294602900494,142218016574
1605107289266774634,47.2,75.3,294605779973,142219721995
1605107293632498132,47.0,75.3,294608721123,142221466946
1605107298161578580,46.9,75.3,294611965514,142223334728
1605107302838038543,46.9,75.3,294615499772,142225326610
1605107307543716294,46.8,75.3,294619090965,142227354330
1605107312042073243,46.8,75.4,294622512677,142229297455
1605107316698887720,46.7,75.4,294626033140,142231302591
1605107321299341701,46.6,75.4,294629456573,142233264650
1605107325777790097,46.6,75.4,294632819902,142235187421
1605107330476246176,46.5,75.3,294636444970,142237212848
1605107335015127482,46.5,75.4,294639851785,142239143407
1605107339593760068,46.4,75.3,294643308949,142241117989
1605107344160398265,46.4,75.4,294646776913,142243077401
1605107348640764543,46.3,75.5,294649979748,142244929168
1605107353001509886,46.3,75.5,294653051904,142246706845
1605107357377864042,46.3,75.4,294656063393,142248465131
1605107361695813713,46.2,75.4,294659030538,142250208392
1605107366262555372,46.1,75.5,294662266175,142252074594
1605107370829034495,46.2,75.5,294665608745,142253989727
1605107375267251845,46.2,75.5,294669009612,142255900421
1605107380053036839,46.2,75.5,294672634857,142257970292
1605107384558992876,46.1,75.4,294675971665,142259877167
1605107389191857559,46.1,75.4,294679493617,142261874629
1605107393826741715,46.1,75.4,294682990043,142263854339
1605107398399064163,46.2,75.5,294686426504,142265842678
1605107402904540619,46.1,75.4,294689778349,142267749749
1605107407291346711,46.2,75.5,294693114167,142269623280
1605107411735920094,46.2,75.4,294696415258,142271513201
1605107416207429782,46.1,75.4,294699700330,142273390748
1605107420787220092,46.1,75.4,294703046147,142275299608
1605107425266213107,46.0,75.5,294706213758,142277138782
1605107429622961616,46.0,75.4,294709196178,142278887455
1605107433794196531,46.0,75.5,294711997019,142280559176
1605107438098201472,45.9,75.5,294715030356,142282304974
1605107442623333819,45.9,75.4,294718301978,142284185405
1605107447221781019,45.9,75.5,294721802313,142286160876
1605107451818951706,45.9,75.4,294725287025,142288149777
1605107456409921469,45.8,75.5,294728668499,142290091556
1605107461040494101,45.8,75.5,294732130917,142292057883
1605107465729766060,45.8,75.5,294735595628,142294033575
1605107470144833048,45.8,75.5,294738937777,142295913573
1605107474834366360,45.7,75.5,294742365435,142297892361
1605107479531593169,45.8,75.4,294745854302,142299887623
1605107486015028474,46.8,75.8,294750552468,142302626233
1605107491551687342,49.4,77.5,294754678356,142304964974
1605107497085544589,54.5,79.0,294758794291,142307294822
1605107502555232931,53.8,80.8,294762583337,142309491721
1605107508033965185,75.6,83.2,294766303041,142311733488
1605107512999401971,86.5,82.9,294769824075,142314002476
1605107518231649328,70.3,83.5,294773861026,142316571538
1605107523615144265,64.9,83.6,294778160093,142319199041
1605107528845556668,61.1,83.7,294782075205,142321580284
1605107533876471952,59.3,83.7,294785943196,142323924507
1605107539310280724,57.8,83.6,294790112851,142326447135
1605107544619844761,56.9,83.7,294794373873,142328957289
1605107549776254423,55.8,83.7,294798689043,142331497204
1605107555075893500,55.1,83.7,294803075096,142334012863
1605107560290204189,54.7,83.7,294807354405,142336494511
1605107565649319001,54.5,83.7,294811716779,142339023482
1605107570835554656,53.9,83.7,294816021079,142341467508
1605107575790365785,53.6,83.8,294819966126,142343756457
1605107580911666831,53.5,83.7,294824008523,142346127582
1605107585751982936,53.2,83.8,294827658329,142348279238
1605107591180447251,54.1,84.6,294831887087,142350776455
1605107596698918161,54.4,84.4,294836453922,142353392576
1605107602134048400,53.4,84.3,294840961650,142355946713
1605107607633992746,53.2,84.4,294845709186,142358535711
1605107613179689867,52.9,84.3,294850475964,142361154310
1605107618599149211,52.8,84.4,294855107499,142363702739
1605107623670018942,52.5,84.4,294859171294,142366045985
1605107628961509814,52.3,84.4,294863378627,142368500792
1605107633947084805,52.2,84.4,294867372634,142370817151
1605107639114794319,52.1,84.3,294871552928,142373242888
1605107644521019451,52.0,84.4,294876016861,142375815087
1605107649737999747,51.8,84.3,294880150170,142378223615
1605107654746363394,51.8,84.4,294884024725,142380498774
1605107659772298376,51.8,84.3,294887852060,142382756340
1605107664759196628,51.8,84.4,294891662027,142385003286
1605107669931783432,51.7,84.4,294895720888,142387366412
1605107674874902037,51.6,84.4,294899729615,142389683051
1605107680117766577,51.6,84.4,294903982030,142392115209
1605107685323359134,51.6,84.3,294908212898,142394575970
1605107690458486240,51.5,84.4,294912257473,142396944026
1605107695633302755,51.2,84.3,294916477116,142399372910
1605107700816221959,51.1,84.3,294920691392,142401785073
1605107706046214537,51.1,84.3,294924955036,142404226872
1605107711294125956,51.0,84.3,294929195242,142406659854
1605107716630603552,51.0,84.3,294933519306,142409174572
1605107721892994889,50.9,84.4,294937840995,142411642712
1605107727345897568,50.9,84.4,294942232341,142414173994
1605107732431820481,50.8,84.4,294946145053,142416469777
1605107737302923560,50.8,84.4,294949856968,142418675526
1605107742513625769,50.7,84.3,294953825182,142421014112
1605107747801916912,50.6,84.4,294958066528,142423429073
1605107753128956488,50.6,84.4,294962535547,142425944038
1605107758395003220,50.6,84.3,294966671641,142428369294
1605107763766482964,50.6,84.3,294971030694,142430889189
1605107768915801957,50.6,84.4,294975076906,142433258491
1605107774089624196,50.6,84.4,294979321374,142435676704
1605107779442575252,50.6,84.4,294983566137,142438152296
1605107784583545590,50.6,84.3,294987830645,142440575161
1605107789679159995,50.5,84.4,294991959383,142442952447
1605107794801871386,50.5,84.4,294996075403,142445352996
1605107799800761754,50.5,84.4,295000074200,142447661876
1605107805003125391,50.5,84.3,295004228772,142450059375
1605107810050264228,50.5,84.3,295008246868,142452372469
1605107814894930095,50.5,84.4,295011944843,142454535468
1605107820088183204,50.5,84.4,295016030692,142456931182
1605107825326699955,50.5,84.3,295020092756,142459307894
1605107830509448773,50.5,84.4,295024300006,142461740498
1605107835866029528,50.4,84.3,295028669476,142464256402
1605107840884554473,50.4,84.4,295032644090,142466589831
1605107845998293543,50.4,84.3,295036565176,142468918447
1605107851313279408,50.3,84.3,295040721471,142471352328
1605107856269703606,50.3,84.4,295044608750,142473610132
1605107861323173578,50.2,84.3,295048635393,142475953182
1605107868663899563,50.2,84.6,295054352614,142479289013
1605107874469505235,53.6,83.9,295059005636,142481989385
1605107880644555818,58.2,86.6,295064072705,142484858204
1605107886467204811,54.9,87.4,295068699019,142487510256
1605107892282266009,70.4,89.1,295073170522,142490152703
1605107898310756886,83.5,91.4,295077640090,142492830932
1605107904265728451,69.4,90.8,295082162349,142495641244
1605107910282744836,73.2,89.6,295087026206,142498654113
1605107916151209232,66.8,90.8,295091891517,142501666506
1605107922228810268,64.1,91.2,295096987848,142504839744
1605107927920640290,62.2,91.4,295101791069,142507786800
1605107933953406395,60.9,91.5,295106774349,142510818756
1605107939741216667,60.0,91.5,295111562460,142513740395
1605107945475690200,59.2,91.4,295116244856,142516593529
1605107951535611880,58.4,91.4,295121132014,142519600678
1605107957573319631,57.9,91.5,295126389320,142522639353
1605107963551963292,57.5,91.5,295131709621,142525761064
1605107969504583701,57.1,91.5,295136950020,142528852772
1605107975502497432,56.8,91.5,295141958358,142531807785
1605107981282745690,56.7,91.5,295146848529,142534645770
1605107986979261754,56.6,91.4,295151641198,142537469383
1605107992814932137,56.5,91.5,295156489167,142540377750
1605107998598650416,56.2,91.4,295161245172,142543249810
1605108004364675631,56.2,91.5,295166187814,142546170310
1605108010200517441,56.1,91.6,295171118484,142549086791
1605108016027660483,55.9,91.6,295175938491,142551946840
1605108021856977506,55.8,91.5,295180773007,142554849324
1605108027647268823,55.7,91.4,295185744264,142557756323
1605108033567194736,55.7,91.4,295190716429,142560683584
1605108039563969223,55.7,91.5,295195963665,142563704420
1605108045478088450,55.6,91.5,295200900364,142566641416
1605108051507624191,55.7,91.5,295205921341,142569608933
1605108057555439961,55.5,91.6,295210930504,142572578267
1605108063117919760,55.7,91.5,295215630429,142575342474
1605108068744171714,55.7,91.5,295220224529,142578089863
1605108074470930830,55.5,91.6,295224930859,142580921519
1605108080295962405,55.4,91.6,295229747258,142583832234
1605108085941048582,55.3,91.5,295234355580,142586586000
1605108091485656511,55.1,91.5,295238796854,142589299953
1605108097156593889,55.1,91.4,295243411875,142592091786
1605108102697729285,55.1,91.5,295247893968,142594804639
1605108108418556474,55.0,91.5,295252693799,142597610118
1605108114257410466,54.9,91.5,295257513093,142600495642
1605108120216710877,54.9,91.5,295262529797,142603418268
1605108126125460066,54.7,91.6,295267480901,142606330907
1605108131955320584,54.7,91.6,295272244622,142609154787
1605108137566921409,54.6,91.5,295276683144,142611875004
1605108143693934760,54.6,91.4,295281537276,142614840493
1605108149258655935,54.3,91.5,295285961690,142617544650
1605108154639286013,54.5,91.4,295290349640,142620175935
1605108160156871706,54.3,91.5,295294725307,142622846244
1605108165892239310,54.3,91.5,295299374838,142625676015
1605108171559583666,54.3,91.5,295303893614,142628407903
1605108177189960630,54.2,91.5,295308486191,142631163601
1605108183182471320,54.2,91.5,295313333178,142634090687
1605108188821233818,54.2,91.4,295318053960,142636875983
1605108194550924596,54.1,91.4,295322793523,142639692774
1605108200163227154,54.1,91.5,295327404928,142642442820
1605108205951503055,54.1,91.5,295332141229,142645245210
1605108211667139907,54.2,91.5,295336786101,142648012453
1605108217443420655,54.2,91.4,295341471197,142650828490
1605108223193728002,54.2,91.5,295346093877,142653600684
1605108228984512110,54.2,91.5,295350760330,142656398490
1605108234805907767,54.2,91.4,295355454112,142659198199
1605108240426974824,54.2,91.5,295359865750,142661893378
1605108247200377162,54.1,91.5,295365320261,142665160347
1605108254966137746,68.4,94.6,295371318020,142668799648
1605108261230202359,58.4,86.8,295376326491,142671828721
1605108267391413785,63.4,89.4,295381272793,142674800155
1605108273557291163,68.5,89.9,295386160016,142677765421
1605108279851229961,58.4,89.3,295391114986,142680785235
1605108286071649326,70.0,91.7,295396004505,142683786960
1605108292249598246,70.8,94.1,295400856332,142686776514
1605108298388283541,68.4,94.8,295405659663,142689846967
1605108304599457037,72.0,92.6,295410614613,142693056062
1605108310887403525,68.2,94.2,295415774135,142696342695
1605108316954457457,66.1,94.3,295420811601,142699627674
1605108323072530247,64.8,94.3,295425816669,142702894145
1605108329234819192,63.8,94.5,295430819542,142706079538
1605108335505389113,63.0,94.4,295435986890,142709337212
1605108341886233143,62.2,94.4,295441213153,142712597273
1605108348080806225,61.7,94.3,295446387267,142715861923
1605108354185638615,61.5,94.3,295451340772,142719030774
1605108360243126058,61.0,94.3,295456295338,142722166491
1605108366330078413,60.8,94.4,295461356431,142725331661
1605108372435620851,60.5,94.3,295466342359,142728496854
1605108378616687136,60.2,94.4,295471364148,142731699532
1605108384899121407,60.0,94.3,295476555352,142734990317
1605108391035549029,59.8,94.5,295481587997,142738176581
1605108396901366521,59.8,94.5,295486380622,142741245662
1605108402852424528,59.5,94.5,295491154958,142744313636
1605108408954542351,59.5,94.4,295496157829,142747506878
1605108415121982635,59.5,94.5,295501360111,142750725258
1605108421328044227,59.2,94.4,295506823208,142753995422
1605108427729070532,59.2,94.4,295512449590,142757486412
1605108433959392135,59.1,94.4,295517824628,142760771962
1605108440460492998,58.7,94.6,295523395777,142764141291
1605108446806057819,58.8,94.5,295528791760,142767477532
1605108453029779188,58.8,94.5,295534162268,142770766406
1605108459180616646,58.9,94.6,295539453803,142773996357
1605108465203510895,58.9,94.6,295544633303,142777166198
1605108471164677112,58.6,94.5,295549802374,142780325962
1605108477299575442,58.6,94.5,295555014839,142783522462
1605108483234674855,58.6,94.6,295560079083,142786624843
1605108489471879720,58.6,94.6,295565470027,142789906556
1605108495641805833,58.3,94.5,295570858584,142793160476
1605108502138007010,58.4,94.5,295576248239,142796534262
1605108508538304734,58.4,94.6,295581766078,142799888492
1605108514682904928,58.3,94.6,295587048201,142803121048
1605108520889650839,58.0,94.6,295592383424,142806360041
1605108527009821559,58.0,94.5,295597710354,142809549390
1605108533163615311,57.9,94.6,295602949522,142812757788
1605108539315928543,57.9,94.5,295608098427,142815967700
1605108545462984294,57.9,94.5,295613470889,142819206685
1605108551453702612,57.8,94.6,295618696838,142822371069
1605108557464978954,57.8,94.6,295623802312,142825482653
1605108563585328311,57.8,94.5,295629075250,142828713352
1605108569754332273,57.7,94.5,295634268856,142831916554
1605108576025970748,57.4,94.6,295639591817,142835192767
1605108582019068921,57.5,94.6,295644690029,142838305085
1605108588029075744,57.6,94.6,295649819887,142841468706
1605108593778266025,57.4,94.6,295654713558,142844485005
1605108599800673393,57.3,94.6,295659825178,142847640829
1605108606027277501,57.3,94.6,295665216432,142850905291
1605108611798810554,57.3,94.6,295670089089,142853910351
1605108617670330581,57.3,94.5,295675122275,142856979181
1605108623917102505,57.3,94.6,295680331253,142860226137
1605108629776651292,57.3,94.5,295685223907,142863266960
1605108635749240520,57.3,94.5,295690419998,142866406375
1605108641536784977,57.3,94.6,295695319477,142869430545
1605108647695882691,57.3,94.6,295700655201,142872652889
1605108653741128275,57.2,94.5,295705830746,142875824901
1605108659779343242,57.2,94.7,295711049490,142878991859
1605108665742576052,57.0,94.6,295716085269,142882095456
1605108671750123627,57.0,94.6,295721206943,142885236108
1605108677700190005,56.9,94.5,295726250015,142888320732
1605108683771168769,57.0,94.6,295731480085,142891507424
1605108689834903909,56.9,94.5,295736610284,142894691633
1605108695921037121,56.8,94.5,295741808748,142897891517
1605108701859194403,56.9,94.5,295746852966,142900993795
1605108707921189394,56.6,94.5,295751968570,142904171439
1605108713880334525,56.5,94.5,295757056483,142907304056
1605108719917781518,56.5,94.5,295762147978,142910453499
1605108725793999069,56.5,94.6,295767182478,142913546477
1605108731736709453,56.5,94.5,295772233094,142916637573
1605108737870905985,56.4,94.6,295777448278,142919826799
1605108743851568143,56.4,94.6,295782489648,142922972621
1605108749878063802,56.4,94.5,295787570211,142926112928
1605108755976856932,56.4,94.6,295792726968,142929302107
1605108761982628431,56.4,94.6,295797777829,142932416932
1605108768048814752,56.4,94.6,295803025229,142935578239
1605108774245750836,56.4,94.6,295808230562,142938796035
1605108780183663626,56.4,94.6,295813232797,142941891303
1605108786294888152,56.4,94.6,295818377296,142945101514
1605108792375415300,56.4,94.5,295823531413,142948261119
1605108798412642235,57.4,94.6,295828652713,142951432472
1605108804533817685,56.4,94.5,295833894629,142954669649
1605108810859771234,56.4,94.6,295839322286,142957953982
1605108816730302215,56.4,94.6,295844377145,142961042743
1605108822675814568,56.4,94.5,295849485343,142964159976
1605108828488768907,56.4,94.6,295854556233,142967223779
1605108834584866255,56.4,94.5,295859784722,142970388019
1605108840454395557,56.4,94.5,295864867973,142973508957
1605108846593407184,56.4,94.6,295870086001,142976733112
1605108852499929606,56.4,94.6,295875090510,142979812117
1605108858509477647,56.4,94.5,295880169848,142982924257
1605108864401887726,56.4,94.5,295885191285,142985996737
1605108870512845505,56.3,94.6,295890374983,142989175924
1605108876652066092,56.4,94.5,295895608826,142992402857
1605108882560498085,56.4,94.6,295900707145,142995507522
1605108888479092130,56.3,94.6,295905772909,142998612184
1605108894499393063,56.3,94.6,295911073967,143001781760
1605108900550853858,56.4,94.5,295916267441,143004950690
1605108906519938502,56.3,94.6,295921415443,143008101813
1605108912774857086,56.3,94.6,295926782845,143011369211
1605108918982463821,56.3,94.6,295932033408,143014591276
1605108925116912914,56.3,94.5,295937227989,143017783518
1605108931201077865,56.2,94.6,295942428061,143020955708
1605108937215583207,56.3,94.6,295947594038,143024115293
1605108943258959622,56.2,94.6,295952682070,143027236542
1605108949318759789,56.1,94.5,295957825749,143030373827
1605108955416558446,56.1,94.7,295963004753,143033514549
1605108961729582236,55.9,94.7,295968357190,143036821396
1605108967743439445,56.0,94.7,295973432071,143039931330
1605108973791810041,55.9,94.7,295978520915,143043071710
1605108979843034088,55.9,94.6,295983544648,143046158212
1605108986089693136,55.9,94.7,295988915185,143049438325
1605108992215103505,56.0,94.5,295994213708,143052636398
1605108998185138622,56.0,94.6,295999245624,143055730091
1605109004048027087,55.9,94.5,296004187951,143058768099
1605109009873014566,55.8,94.6,296009256989,143061854388
1605109015623879070,55.8,94.5,296014053494,143064779323
1605109021801791393,55.7,94.6,296019403887,143068038454
1605109027852328612,55.9,94.5,296024579917,143071207750
1605109033923078246,55.9,94.6,296029677869,143074357726
1605109040013102034,55.9,94.6,296034779423,143077522781
1605109046028454937,55.9,94.6,296039670533,143080619214
1605109052097845372,55.8,94.6,296044787379,143083757945
1605109058178253716,55.8,94.6,296049817579,143086901542
1605109064081359842,55.7,94.6,296054888429,143089956948
1605109070100487973,55.8,94.6,296059932772,143093094912
1605109076087857282,55.8,94.6,296065049489,143096204338
1605109082071367589,55.8,94.5,296070177643,143099356469
1605109088445730883,55.7,94.6,296075501704,143102675138
1605109094457731963,55.7,94.6,296080540271,143105808609
1605109100686924897,55.7,94.6,296085717553,143109002979
1605109106554668323,55.7,94.5,296090678709,143112094519
1605109112727429947,55.7,94.5,296095922184,143115320226
1605109118669405958,55.7,94.5,296101009133,143118433723
1605109124956971677,55.7,94.6,296106349223,143121678925
1605109130805100150,55.6,94.6,296111278952,143124708849
1605109136761987143,55.6,94.5,296116368142,143127816429
1605109142906424378,55.5,94.5,296121613314,143131008096
1605109149026818007,55.4,94.5,296126744081,143134191057
1605109155099778850,55.4,94.5,296131861307,143137350646
1605109161407453868,55.4,94.6,296137255742,143140644173
1605109167664677072,55.5,94.6,296142470792,143143876535
1605109173689472935,55.5,94.6,296147456852,143146982696
1605109179726480293,55.5,94.5,296152628683,143150122159
1605109185878939521,55.5,94.6,296157829813,143153319619
1605109191859562494,55.5,94.5,296162912424,143156430197
1605109197977173504,55.5,94.6,296168106197,143159596162
1605109204144756389,55.4,94.6,296173337127,143162794359
1605109210177694107,55.4,94.6,296178322713,143165934250
1605109216689695684,55.3,94.5,296183750715,143169280232
1605109222502353150,55.2,94.6,296188672131,143172310644
1605109228347051636,55.2,94.6,296193547946,143175345709
1605109234279583669,55.2,94.6,296198668851,143178436153
1605109240291669720,55.2,94.6,296203732937,143181570800
1605109245987155503,55.2,94.6,296208388278,143184519998
1605109251884933200,55.2,94.6,296213250973,143187574014
1605109257796428208,55.2,94.6,296218097704,143190627804
1605109263802247887,55.2,94.6,296223185325,143193757676
1605109269877956480,55.2,94.6,296228358766,143196933101
1605109275803242451,55.2,94.6,296233441103,143200022856
1605109281735892296,55.2,94.6,296238502863,143203126687
1605109287677758557,55.2,94.5,296243661435,143206235904
1605109293873222223,55.2,94.5,296248786101,143209429102
1605109299649232874,55.0,94.0,296253623424,143212428708
1605109305833244955,55.0,94.0,296258935814,143215658807
1605109311906945560,55.0,94.0,296263981040,143218794937
1605109317714047428,54.9,94.0,296269019703,143221840958
1605109323589803407,54.9,94.0,296273937959,143224884323
1605109329394623757,54.9,93.9,296278784876,143227903975
1605109335052137876,54.9,94.0,296283366949,143230778222
1605109341242328486,54.9,94.0,296288594371,143233994533
1605109347265619224,54.9,94.0,296293665760,143237130508
1605109353037936453,54.9,93.9,296298667160,143240150218
1605109359000827428,54.9,94.0,296303752269,143243273203
1605109365022989986,54.9,93.9,296308860788,143246418289
1605109370995841653,54.9,93.9,296313852959,143249512667
1605109376821275467,54.8,94.0,296318765644,143252547154
1605109382568636834,54.9,94.0,296323522834,143255510636
1605109388513111007,54.8,93.9,296328573460,143258631595
1605109394498681388,54.8,94.0,296333638559,143261726176
1605109400201158391,54.8,94.0,296338500120,143264705094
1605109406155364815,54.8,94.0,296343508488,143267788532
1605109411991111769,54.8,94.0,296348378106,143270825426
1605109417931488944,54.8,94.0,296353331123,143273876012
1605109423702652918,54.8,94.1,296358287714,143276867738
1605109429434761943,54.8,94.0,296363155017,143279834776
1605109435483224018,54.8,94.1,296368272958,143282995004
1605109441428846271,54.8,94.1,296373433822,143286099608
1605109447581577760,54.8,94.0,296378639300,143289300009
1605109453534217555,54.8,93.9,296383721383,143292378156
1605109459843357087,54.8,94.0,296389201092,143295691906
1605109465823278377,54.8,94.0,296394158386,143298787421
1605109471788988409,54.8,93.9,296399237864,143301917273
1605109477632020552,54.8,93.9,296404236662,143304994171
1605109483815975726,54.8,94.0,296409382247,143308168023
1605109489538992314,54.7,93.9,296414018292,143311118532
1605109495390084848,54.7,93.9,296419003449,143314181569
1605109501190108863,54.6,94.0,296423886744,143317179294
1605109507182001607,54.6,93.9,296429006973,143320295936
1605109513071579611,54.6,94.0,296433989690,143323362866
1605109518973136898,54.7,93.9,296438954111,143326432786
1605109525223502505,54.6,93.9,296444185349,143329643032
1605109531098040679,54.7,94.0,296449169438,143332696894
1605109537190798638,54.6,94.0,296454252353,143335844930
1605109543295792379,54.5,93.9,296459319560,143338990332
1605109549190481083,54.5,93.9,296464387226,143342096464
1605109555080593548,54.6,94.0,296469344794,143345125760
1605109560919869130,54.6,93.9,296474276839,143348167161
1605109566878044212,54.6,94.0,296479330803,143351270849
1605109572990285228,54.6,94.0,296484613419,143354437653
1605109578906658411,54.6,94.0,296489453559,143357479014
1605109584860052125,54.6,93.9,296494531002,143360596858
1605109590769577964,54.6,93.9,296499600229,143363679135
1605109596455984227,54.5,94.0,296504329753,143366596066
1605109602419805381,54.5,93.9,296509258985,143369671704
1605109608446786137,54.5,94.0,296514382871,143372803406
1605109614271305210,54.6,94.0,296519308193,143375795793
1605109620172060131,54.6,94.0,296524330826,143378860413
1605109626101476609,54.5,94.0,296529310241,143381940927
1605109632038979939,54.4,94.1,296534308446,143384994124
1605109637831666496,54.5,93.9,296539041339,143387957743
1605109643894465795,54.5,94.0,296543935469,143391067955
1605109649865157939,54.5,94.0,296549000320,143394170322
1605109655905003362,54.5,93.9,296554115409,143397292043
1605109661872362707,54.5,93.9,296559257481,143400386522
1605109667785954681,54.5,94.0,296564250526,143403442458
1605109673657760856,54.5,94.0,296569410239,143406542230
1605109679575158201,54.5,93.9,296574386239,143409587597
1605109685509681421,54.5,93.9,296579489719,143412690675
1605109691594390567,54.5,94.0,296584780021,143415900745
1605109697409000055,54.5,93.9,296589705426,143418917749
1605109703342433887,54.5,93.9,296594723765,143421993997
1605109709218891894,54.5,94.0,296599593516,143425027828
1605109715039381214,54.5,94.0,296604399718,143428039717
1605109721008031103,54.5,93.9,296609428254,143431154987
1605109726894460945,54.5,94.0,296614439411,143434201519
1605109732746044943,54.4,94.0,296619351239,143437219601
1605109739090341803,54.4,94.0,296624607104,143440475503
1605109745030146693,54.4,94.0,296629701088,143443568454
1605109750911980599,54.4,94.0,296634643940,143446620101
1605109756745243926,54.4,94.0,296639521177,143449654845
1605109762842112024,54.4,93.9,296644772985,143452820784
1605109768820665788,54.4,94.0,296649907391,143455937216
1605109774694011907,54.4,93.9,296654923770,143458995659
1605109780486445177,54.4,93.9,296659795375,143462014643
1605109786473825442,54.4,94.1,296664963533,143465150712
1605109792390396552,54.4,94.0,296670008049,143468241672
1605109798281348090,54.4,94.1,296674909144,143471279165
1605109804174169610,54.4,94.0,296679906770,143474339242
1605109809921838909,54.4,94.1,296684829182,143477312385
1605109815896209351,54.2,94.1,296689895019,143480401476
1605109821668009789,54.2,93.9,296694804843,143483403024
1605109827495809839,54.2,94.0,296699703697,143486419341
1605109833213979581,54.2,94.0,296704526606,143489365024
1605109838884979790,54.2,94.0,296709397592,143492314033
1605109844725645949,54.2,94.0,296714272789,143495333514
1605109850510637029,54.2,93.9,296719266233,143498364707
1605109856246166148,54.2,94.1,296724003867,143501325639
1605109862117579136,54.2,94.0,296728992047,143504374906
1605109867979234082,54.2,94.0,296734024952,143507447251
1605109873772998593,54.2,94.1,296738782627,143510402774
1605109879899170744,54.1,94.1,296743948376,143513609115
1605109885900473752,54.1,94.0,296749139298,143516719891
1605109891665392929,54.1,93.9,296754026681,143519710470
1605109897539042568,54.0,93.9,296758932228,143522774307
1605109903385215504,53.9,93.9,296763966134,143525839500
