timestamp,node,latency,action,joint_1,joint_2,joint_3,joint_4,joint_5,joint_6
1605182756146828800,10.0.1.122,NaN,,0.000,0.000,0.000,0.000,0.000,0.000
1605182758150446848,10.0.1.122,2003,,0.000,0.000,0.000,0.000,0.000,0.000
1605182760700382976,10.0.1.122,548,move_down,-0.020,-0.020,-0.020,0.000,0.000,0.000
1605182762110667008,10.0.1.122,357,move_down,-0.040,-0.040,-0.040,0.000,0.000,0.000
1605182763560728064,10.0.1.122,382,move_down,-0.060,-0.060,-0.060,0.000,0.000,0.000
1605182764972733952,10.0.1.122,352,move_down,-0.080,-0.080,-0.080,0.000,0.000,0.000
1605182766361424896,10.0.1.122,367,move_down,-0.100,-0.100,-0.100,0.000,0.000,0.000
1605182767771244032,10.0.1.122,360,move_down,-0.120,-0.120,-0.120,0.000,0.000,0.000
1605182769220478976,10.0.1.122,386,move_down,-0.140,-0.140,-0.140,0.000,0.000,0.000
1605182770630456832,10.0.1.122,384,move_down,-0.160,-0.160,-0.160,0.000,0.000,0.000
1605182772060591872,10.0.1.122,372,move_down,-0.180,-0.180,-0.180,0.000,0.000,0.000
1605182773470596096,10.0.1.122,367,move_down,-0.200,-0.200,-0.200,0.000,0.000,0.000
1605182774892025856,10.0.1.122,376,move_down,-0.220,-0.220,-0.220,0.000,0.000,0.000
1605182776283488000,10.0.1.122,351,move_down,-0.240,-0.240,-0.240,0.000,0.000,0.000
1605182777750003968,10.0.1.122,400,move_down,-0.260,-0.260,-0.260,0.000,0.000,0.000
1605182779121208832,10.0.1.122,348,move_down,-0.280,-0.280,-0.280,0.000,0.000,0.000
1605182780491045888,10.0.1.122,344,move_down,-0.300,-0.300,-0.300,0.000,0.000,0.000
1605182781920186112,10.0.1.122,401,move_down,-0.320,-0.320,-0.320,0.000,0.000,0.000
1605182783310209024,10.0.1.122,363,move_down,-0.340,-0.340,-0.340,0.000,0.000,0.000
1605182784740457984,10.0.1.122,377,move_down,-0.360,-0.360,-0.360,0.000,0.000,0.000
1605182786179745024,10.0.1.122,374,move_down,-0.380,-0.380,-0.380,0.000,0.000,0.000
1605182787590560000,10.0.1.122,377,move_down,-0.400,-0.400,-0.400,0.000,0.000,0.000
1605182789019995904,10.0.1.122,381,move_down,-0.420,-0.420,-0.420,0.000,0.000,0.000
1605182790450211072,10.0.1.122,383,move_down,-0.440,-0.440,-0.440,0.000,0.000,0.000
1605182791880211200,10.0.1.122,385,move_down,-0.460,-0.460,-0.460,0.000,0.000,0.000
1605182793309827072,10.0.1.122,374,move_down,-0.480,-0.480,-0.480,0.000,0.000,0.000
1605182794720702976,10.0.1.122,369,move_down,-0.500,-0.500,-0.500,0.000,0.000,0.000
1605182796150313984,10.0.1.122,383,move_down,-0.520,-0.520,-0.520,0.000,0.000,0.000
1605182797580993792,10.0.1.122,385,move_down,-0.540,-0.540,-0.540,0.000,0.000,0.000
1605182799011054080,10.0.1.122,390,move_down,-0.560,-0.560,-0.560,0.000,0.000,0.000
1605182800441705984,10.0.1.122,381,move_down,-0.580,-0.580,-0.580,0.000,0.000,0.000
1605182801520080128,10.0.1.122,35,pick,-0.590,-0.590,-0.590,0.000,0.000,0.000
1605182802520730112,10.0.1.122,34,pick,-0.600,-0.600,-0.600,0.000,0.000,0.000
1605182803521095936,10.0.1.122,34,pick,-0.610,-0.610,-0.610,0.000,0.000,0.000
1605182804520528128,10.0.1.122,32,pick,-0.620,-0.620,-0.620,0.000,0.000,0.000
1605182805540890880,10.0.1.122,51,pick,-0.630,-0.630,-0.630,0.000,0.000,0.000
1605182806541555968,10.0.1.122,50,pick,-0.640,-0.640,-0.640,0.000,0.000,0.000
1605182807540427008,10.0.1.122,48,pick,-0.650,-0.650,-0.650,0.000,0.000,0.000
1605182808540051968,10.0.1.122,47,pick,-0.660,-0.660,-0.660,0.000,0.000,0.000
1605182809540380928,10.0.1.122,46,pick,-0.670,-0.670,-0.670,0.000,0.000,0.000
1605182810540189952,10.0.1.122,44,pick,-0.680,-0.680,-0.680,0.000,0.000,0.000
1605182811541254912,10.0.1.122,44,pick,-0.690,-0.690,-0.690,0.000,0.000,0.000
1605182812540502016,10.0.1.122,42,pick,-0.700,-0.700,-0.700,0.000,0.000,0.000
1605182814500772096,10.0.1.122,NaN,pick,-0.720,-0.720,-0.720,0.000,0.000,0.000
1605182814540482048,10.0.1.122,39,pick,-0.720,-0.720,-0.720,0.000,0.000,0.000
1605182815541174016,10.0.1.122,39,pick,-0.730,-0.730,-0.730,0.000,0.000,0.000
1605182816539952896,10.0.1.122,35,pick,-0.740,-0.740,-0.740,0.000,0.000,0.000
1605182817540268800,10.0.1.122,34,pick,-0.750,-0.750,-0.750,0.000,0.000,0.000
1605182818541185024,10.0.1.122,32,pick,-0.760,-0.760,-0.760,0.000,0.000,0.000
1605182819561932032,10.0.1.122,50,pick,-0.770,-0.770,-0.770,0.000,0.000,0.000
1605182820880192000,10.0.1.122,367,move_up,-0.750,-0.750,-0.750,0.000,0.000,0.000
1605182822334280960,10.0.1.122,380,move_up,-0.730,-0.730,-0.730,0.000,0.000,0.000
1605182823760065024,10.0.1.122,378,move_up,-0.710,-0.710,-0.710,0.000,0.000,0.000
1605182825153729024,10.0.1.122,353,move_up,-0.690,-0.690,-0.690,0.000,0.000,0.000
1605182826581389056,10.0.1.122,369,move_up,-0.670,-0.670,-0.670,0.000,0.000,0.000
1605182827990708992,10.0.1.122,366,move_up,-0.650,-0.650,-0.650,0.000,0.000,0.000
1605182829420310016,10.0.1.122,379,move_up,-0.630,-0.630,-0.630,0.000,0.000,0.000
1605182830839643904,10.0.1.122,374,move_up,-0.610,-0.610,-0.610,0.000,0.000,0.000
1605182832230840064,10.0.1.122,347,move_up,-0.590,-0.590,-0.590,0.000,0.000,0.000
1605182833680569856,10.0.1.122,384,move_up,-0.570,-0.570,-0.570,0.000,0.000,0.000
1605182835099823872,10.0.1.122,374,move_up,-0.550,-0.550,-0.550,0.000,0.000,0.000
1605182836531209984,10.0.1.122,385,move_up,-0.530,-0.530,-0.530,0.000,0.000,0.000
1605182837980040960,10.0.1.122,392,move_up,-0.510,-0.510,-0.510,0.000,0.000,0.000
1605182839411119104,10.0.1.122,377,move_up,-0.490,-0.490,-0.490,0.000,0.000,0.000
1605182840860738048,10.0.1.122,381,move_up,-0.470,-0.470,-0.470,0.000,0.000,0.000
1605182842289870080,10.0.1.122,369,move_up,-0.450,-0.450,-0.450,0.000,0.000,0.000
1605182843720571904,10.0.1.122,376,move_up,-0.430,-0.430,-0.430,0.000,0.000,0.000
1605182845149597952,10.0.1.122,384,move_up,-0.410,-0.410,-0.410,0.000,0.000,0.000
1605182846580156160,10.0.1.122,370,move_up,-0.390,-0.390,-0.390,0.000,0.000,0.000
1605182848000123136,10.0.1.122,374,move_up,-0.370,-0.370,-0.370,0.000,0.000,0.000
1605182849432660224,10.0.1.122,366,move_up,-0.350,-0.350,-0.350,0.000,0.000,0.000
1605182850860770048,10.0.1.122,382,move_up,-0.330,-0.330,-0.330,0.000,0.000,0.000
1605182852254699008,10.0.1.122,351,move_up,-0.310,-0.310,-0.310,0.000,0.000,0.000
1605182853699480064,10.0.1.122,383,move_up,-0.290,-0.290,-0.290,0.000,0.000,0.000
1605182855130120960,10.0.1.122,373,move_up,-0.270,-0.270,-0.270,0.000,0.000,0.000
1605182856559904000,10.0.1.122,388,move_up,-0.250,-0.250,-0.250,0.000,0.000,0.000
1605182858011194880,10.0.1.122,399,move_up,-0.230,-0.230,-0.230,0.000,0.000,0.000
1605182859441698048,10.0.1.122,380,move_up,-0.210,-0.210,-0.210,0.000,0.000,0.000
1605182860890585856,10.0.1.122,407,move_up,-0.190,-0.190,-0.190,0.000,0.000,0.000
1605182862012486912,10.0.1.122,38,place,-0.180,-0.180,-0.180,0.000,0.000,0.000
1605182863012840960,10.0.1.122,37,place,-0.170,-0.170,-0.170,0.000,0.000,0.000
1605182864011856128,10.0.1.122,35,place,-0.160,-0.160,-0.160,0.000,0.000,0.000
1605182865015255808,10.0.1.122,37,place,-0.150,-0.150,-0.150,0.000,0.000,0.000
1605182866032025088,10.0.1.122,52,place,-0.140,-0.140,-0.140,0.000,0.000,0.000
1605182867031251968,10.0.1.122,50,place,-0.130,-0.130,-0.130,0.000,0.000,0.000
1605182868032349952,10.0.1.122,50,place,-0.120,-0.120,-0.120,0.000,0.000,0.000
1605182869031636992,10.0.1.122,47,place,-0.110,-0.110,-0.110,0.000,0.000,0.000
1605182870030916096,10.0.1.122,45,place,-0.100,-0.100,-0.100,0.000,0.000,0.000
1605182871031197184,10.0.1.122,41,place,-0.090,-0.090,-0.090,0.000,0.000,0.000
1605182872031620864,10.0.1.122,39,place,-0.080,-0.080,-0.080,0.000,0.000,0.000
1605182873030363136,10.0.1.122,37,place,-0.070,-0.070,-0.070,0.000,0.000,0.000
1605182874031609088,10.0.1.122,37,place,-0.060,-0.060,-0.060,0.000,0.000,0.000
1605182875030394112,10.0.1.122,34,place,-0.050,-0.050,-0.050,0.000,0.000,0.000
1605182876031395072,10.0.1.122,34,place,-0.040,-0.040,-0.040,0.000,0.000,0.000
1605182877030905088,10.0.1.122,32,place,-0.030,-0.030,-0.030,0.000,0.000,0.000
1605182878050462976,10.0.1.122,50,place,-0.020,-0.020,-0.020,0.000,0.000,0.000
1605182879050972928,10.0.1.122,50,place,-0.010,-0.010,-0.010,0.000,0.000,0.000
1605182880053134848,10.0.1.122,51,place,0.000,0.000,0.000,0.000,0.000,0.000
1605182881390780928,10.0.1.122,387,move_down,-0.020,-0.020,-0.020,0.000,0.000,0.000
1605182882860275968,10.0.1.122,376,move_down,-0.040,-0.040,-0.040,0.000,0.000,0.000
1605182884289820928,10.0.1.122,377,move_down,-0.060,-0.060,-0.060,0.000,0.000,0.000
1605182885720027904,10.0.1.122,380,move_down,-0.080,-0.080,-0.080,0.000,0.000,0.000
1605182887159929088,10.0.1.122,384,move_down,-0.100,-0.100,-0.100,0.000,0.000,0.000
1605182888632489984,10.0.1.122,383,move_down,-0.120,-0.120,-0.120,0.000,0.000,0.000
1605182890079855872,10.0.1.122,387,move_down,-0.140,-0.140,-0.140,0.000,0.000,0.000
1605182891519984896,10.0.1.122,374,move_down,-0.160,-0.160,-0.160,0.000,0.000,0.000
1605182892950145024,10.0.1.122,392,move_down,-0.180,-0.180,-0.180,0.000,0.000,0.000
1605182894450434048,10.0.1.122,411,move_down,-0.200,-0.200,-0.200,0.000,0.000,0.000
1605182895879857152,10.0.1.122,389,move_down,-0.220,-0.220,-0.220,0.000,0.000,0.000
1605182897311655936,10.0.1.122,374,move_down,-0.240,-0.240,-0.240,0.000,0.000,0.000
1605182898722032128,10.0.1.122,366,move_down,-0.260,-0.260,-0.260,0.000,0.000,0.000
1605182900180164096,10.0.1.122,381,move_down,-0.280,-0.280,-0.280,0.000,0.000,0.000
1605182901619954176,10.0.1.122,378,move_down,-0.300,-0.300,-0.300,0.000,0.000,0.000
1605182903050065920,10.0.1.122,367,move_down,-0.320,-0.320,-0.320,0.000,0.000,0.000
1605182904479870208,10.0.1.122,377,move_down,-0.340,-0.340,-0.340,0.000,0.000,0.000
1605182905929721088,10.0.1.122,386,move_down,-0.360,-0.360,-0.360,0.000,0.000,0.000
1605182907361093888,10.0.1.122,368,move_down,-0.380,-0.380,-0.380,0.000,0.000,0.000
1605182908830162176,10.0.1.122,426,move_down,-0.400,-0.400,-0.400,0.000,0.000,0.000
1605182910280329984,10.0.1.122,381,move_down,-0.420,-0.420,-0.420,0.000,0.000,0.000
1605182911760961024,10.0.1.122,415,move_down,-0.440,-0.440,-0.440,0.000,0.000,0.000
1605182913201203200,10.0.1.122,381,move_down,-0.460,-0.460,-0.460,0.000,0.000,0.000
1605182914670081024,10.0.1.122,406,move_down,-0.480,-0.480,-0.480,0.000,0.000,0.000
1605182916061018880,10.0.1.122,355,move_down,-0.500,-0.500,-0.500,0.000,0.000,0.000
1605182917510494976,10.0.1.122,417,move_down,-0.520,-0.520,-0.520,0.000,0.000,0.000
1605182918960833024,10.0.1.122,382,move_down,-0.540,-0.540,-0.540,0.000,0.000,0.000
1605182920410595840,10.0.1.122,400,move_down,-0.560,-0.560,-0.560,0.000,0.000,0.000
1605182921841021184,10.0.1.122,384,move_down,-0.580,-0.580,-0.580,0.000,0.000,0.000
1605182922940187904,10.0.1.122,40,pick,-0.590,-0.590,-0.590,0.000,0.000,0.000
1605182923941180928,10.0.1.122,40,pick,-0.600,-0.600,-0.600,0.000,0.000,0.000
1605182924940704000,10.0.1.122,38,pick,-0.610,-0.610,-0.610,0.000,0.000,0.000
1605182925944102144,10.0.1.122,40,pick,-0.620,-0.620,-0.620,0.000,0.000,0.000
1605182926940227072,10.0.1.122,35,pick,-0.630,-0.630,-0.630,0.000,0.000,0.000
1605182927940481792,10.0.1.122,34,pick,-0.640,-0.640,-0.640,0.000,0.000,0.000
1605182928941021952,10.0.1.122,33,pick,-0.650,-0.650,-0.650,0.000,0.000,0.000
1605182929940428032,10.0.1.122,31,pick,-0.660,-0.660,-0.660,0.000,0.000,0.000
1605182930960963072,10.0.1.122,50,pick,-0.670,-0.670,-0.670,0.000,0.000,0.000
1605182931961106944,10.0.1.122,49,pick,-0.680,-0.680,-0.680,0.000,0.000,0.000
1605182932960025088,10.0.1.122,47,pick,-0.690,-0.690,-0.690,0.000,0.000,0.000
1605182933959891968,10.0.1.122,45,pick,-0.700,-0.700,-0.700,0.000,0.000,0.000
1605182934961038080,10.0.1.122,45,pick,-0.710,-0.710,-0.710,0.000,0.000,0.000
1605182935960395008,10.0.1.122,43,pick,-0.720,-0.720,-0.720,0.000,0.000,0.000
1605182936960262912,10.0.1.122,42,pick,-0.730,-0.730,-0.730,0.000,0.000,0.000
1605182937960652032,10.0.1.122,41,pick,-0.740,-0.740,-0.740,0.000,0.000,0.000
1605182938960352000,10.0.1.122,39,pick,-0.750,-0.750,-0.750,0.000,0.000,0.000
1605182939960809984,10.0.1.122,39,pick,-0.760,-0.760,-0.760,0.000,0.000,0.000
1605182940960707840,10.0.1.122,37,pick,-0.770,-0.770,-0.770,0.000,0.000,0.000
1605182942291325184,10.0.1.122,366,move_up,-0.750,-0.750,-0.750,0.000,0.000,0.000
1605182943796421888,10.0.1.122,442,move_up,-0.730,-0.730,-0.730,0.000,0.000,0.000
1605182945251517952,10.0.1.122,401,move_up,-0.710,-0.710,-0.710,0.000,0.000,0.000
1605182946721262080,10.0.1.122,393,move_up,-0.690,-0.690,-0.690,0.000,0.000,0.000
1605182948134599936,10.0.1.122,358,move_up,-0.670,-0.670,-0.670,0.000,0.000,0.000
1605182949542939904,10.0.1.122,393,move_up,-0.650,-0.650,-0.650,0.000,0.000,0.000
1605182950981017088,10.0.1.122,381,move_up,-0.630,-0.630,-0.630,0.000,0.000,0.000
1605182952421838080,10.0.1.122,394,move_up,-0.610,-0.610,-0.610,0.000,0.000,0.000
1605182953900497920,10.0.1.122,399,move_up,-0.590,-0.590,-0.590,0.000,0.000,0.000
1605182955330193152,10.0.1.122,381,move_up,-0.570,-0.570,-0.570,0.000,0.000,0.000
1605182956759954944,10.0.1.122,361,move_up,-0.550,-0.550,-0.550,0.000,0.000,0.000
1605182958190490112,10.0.1.122,367,move_up,-0.530,-0.530,-0.530,0.000,0.000,0.000
1605182959622246912,10.0.1.122,374,move_up,-0.510,-0.510,-0.510,0.000,0.000,0.000
1605182961050923008,10.0.1.122,376,move_up,-0.490,-0.490,-0.490,0.000,0.000,0.000
1605182962480624896,10.0.1.122,377,move_up,-0.470,-0.470,-0.470,0.000,0.000,0.000
1605182963894846976,10.0.1.122,365,move_up,-0.450,-0.450,-0.450,0.000,0.000,0.000
1605182965330480128,10.0.1.122,390,move_up,-0.430,-0.430,-0.430,0.000,0.000,0.000
1605182966774071040,10.0.1.122,396,move_up,-0.410,-0.410,-0.410,0.000,0.000,0.000
1605182968231825152,10.0.1.122,406,move_up,-0.390,-0.390,-0.390,0.000,0.000,0.000
1605182969661798912,10.0.1.122,407,move_up,-0.370,-0.370,-0.370,0.000,0.000,0.000
1605182971140608000,10.0.1.122,405,move_up,-0.350,-0.350,-0.350,0.000,0.000,0.000
1605182972566044928,10.0.1.122,385,move_up,-0.330,-0.330,-0.330,0.000,0.000,0.000
1605182974011145984,10.0.1.122,387,move_up,-0.310,-0.310,-0.310,0.000,0.000,0.000
1605182975432686080,10.0.1.122,365,move_up,-0.290,-0.290,-0.290,0.000,0.000,0.000
1605182976881828096,10.0.1.122,384,move_up,-0.270,-0.270,-0.270,0.000,0.000,0.000
1605182978380867840,10.0.1.122,409,move_up,-0.250,-0.250,-0.250,0.000,0.000,0.000
1605182979800478976,10.0.1.122,386,move_up,-0.230,-0.230,-0.230,0.000,0.000,0.000
1605182981250466048,10.0.1.122,411,move_up,-0.210,-0.210,-0.210,0.000,0.000,0.000
1605182982682523904,10.0.1.122,404,move_up,-0.190,-0.190,-0.190,0.000,0.000,0.000
1605182983800376064,10.0.1.122,50,place,-0.180,-0.180,-0.180,0.000,0.000,0.000
1605182984800412928,10.0.1.122,49,place,-0.170,-0.170,-0.170,0.000,0.000,0.000
1605182985801558016,10.0.1.122,48,place,-0.160,-0.160,-0.160,0.000,0.000,0.000
1605182986806558976,10.0.1.122,52,place,-0.150,-0.150,-0.150,0.000,0.000,0.000
1605182987800679936,10.0.1.122,45,place,-0.140,-0.140,-0.140,0.000,0.000,0.000
1605182988806242048,10.0.1.122,49,place,-0.130,-0.130,-0.130,0.000,0.000,0.000
1605182989800473856,10.0.1.122,42,place,-0.120,-0.120,-0.120,0.000,0.000,0.000
1605182990801955072,10.0.1.122,42,place,-0.110,-0.110,-0.110,0.000,0.000,0.000
1605182991801903872,10.0.1.122,37,place,-0.100,-0.100,-0.100,0.000,0.000,0.000
1605182992801871104,10.0.1.122,36,place,-0.090,-0.090,-0.090,0.000,0.000,0.000
1605182993805454848,10.0.1.122,38,place,-0.080,-0.080,-0.080,0.000,0.000,0.000
1605182994803064064,10.0.1.122,35,place,-0.070,-0.070,-0.070,0.000,0.000,0.000
1605182995801767168,10.0.1.122,33,place,-0.060,-0.060,-0.060,0.000,0.000,0.000
1605182996824583168,10.0.1.122,54,place,-0.050,-0.050,-0.050,0.000,0.000,0.000
1605182997820807936,10.0.1.122,49,place,-0.040,-0.040,-0.040,0.000,0.000,0.000
1605182998825725952,10.0.1.122,51,place,-0.030,-0.030,-0.030,0.000,0.000,0.000
1605182999824649984,10.0.1.122,49,place,-0.020,-0.020,-0.020,0.000,0.000,0.000
1605183000821072128,10.0.1.122,43,place,-0.010,-0.010,-0.010,0.000,0.000,0.000
1605183001820834048,10.0.1.122,42,place,0.000,0.000,0.000,0.000,0.000,0.000
1605183003161832960,10.0.1.122,382,move_down,-0.020,-0.020,-0.020,0.000,0.000,0.000
1605183004650795008,10.0.1.122,391,move_down,-0.040,-0.040,-0.040,0.000,0.000,0.000
1605183006090863872,10.0.1.122,383,move_down,-0.060,-0.060,-0.060,0.000,0.000,0.000
1605183007520396032,10.0.1.122,383,move_down,-0.080,-0.080,-0.080,0.000,0.000,0.000
1605183008952011008,10.0.1.122,384,move_down,-0.100,-0.100,-0.100,0.000,0.000,0.000
1605183010430110976,10.0.1.122,413,move_down,-0.120,-0.120,-0.120,0.000,0.000,0.000
1605183011890584832,10.0.1.122,397,move_down,-0.140,-0.140,-0.140,0.000,0.000,0.000
1605183013322370048,10.0.1.122,384,move_down,-0.160,-0.160,-0.160,0.000,0.000,0.000
1605183014780180992,10.0.1.122,393,move_down,-0.180,-0.180,-0.180,0.000,0.000,0.000
1605183016239926016,10.0.1.122,411,move_down,-0.200,-0.200,-0.200,0.000,0.000,0.000
1605183017681487104,10.0.1.122,370,move_down,-0.220,-0.220,-0.220,0.000,0.000,0.000
1605183019130893056,10.0.1.122,390,move_down,-0.240,-0.240,-0.240,0.000,0.000,0.000
1605183020550962944,10.0.1.122,375,move_down,-0.260,-0.260,-0.260,0.000,0.000,0.000
1605183022020657152,10.0.1.122,403,move_down,-0.280,-0.280,-0.280,0.000,0.000,0.000
1605183023493793024,10.0.1.122,395,move_down,-0.300,-0.300,-0.300,0.000,0.000,0.000
1605183024920787968,10.0.1.122,385,move_down,-0.320,-0.320,-0.320,0.000,0.000,0.000
1605183026381694976,10.0.1.122,400,move_down,-0.340,-0.340,-0.340,0.000,0.000,0.000
1605183027802059776,10.0.1.122,388,move_down,-0.360,-0.360,-0.360,0.000,0.000,0.000
1605183029220480000,10.0.1.122,381,move_down,-0.380,-0.380,-0.380,0.000,0.000,0.000
1605183030650664192,10.0.1.122,370,move_down,-0.400,-0.400,-0.400,0.000,0.000,0.000
1605183032111439104,10.0.1.122,403,move_down,-0.420,-0.420,-0.420,0.000,0.000,0.000
1605183033562017024,10.0.1.122,400,move_down,-0.440,-0.440,-0.440,0.000,0.000,0.000
1605183035022433024,10.0.1.122,386,move_down,-0.460,-0.460,-0.460,0.000,0.000,0.000
1605183036471254016,10.0.1.122,403,move_down,-0.480,-0.480,-0.480,0.000,0.000,0.000
1605183037921462016,10.0.1.122,375,move_down,-0.500,-0.500,-0.500,0.000,0.000,0.000
1605183039371064832,10.0.1.122,397,move_down,-0.520,-0.520,-0.520,0.000,0.000,0.000
1605183040854015232,10.0.1.122,408,move_down,-0.540,-0.540,-0.540,0.000,0.000,0.000
1605183042280879872,10.0.1.122,385,move_down,-0.560,-0.560,-0.560,0.000,0.000,0.000
1605183043732135168,10.0.1.122,392,move_down,-0.580,-0.580,-0.580,0.000,0.000,0.000
1605183044831011072,10.0.1.122,39,pick,-0.590,-0.590,-0.590,0.000,0.000,0.000
1605183045830904064,10.0.1.122,38,pick,-0.600,-0.600,-0.600,0.000,0.000,0.000
1605183046831022080,10.0.1.122,36,pick,-0.610,-0.610,-0.610,0.000,0.000,0.000
1605183047830894080,10.0.1.122,35,pick,-0.620,-0.620,-0.620,0.000,0.000,0.000
1605183048832002048,10.0.1.122,35,pick,-0.630,-0.630,-0.630,0.000,0.000,0.000
1605183049831716096,10.0.1.122,33,pick,-0.640,-0.640,-0.640,0.000,0.000,0.000
1605183050831604992,10.0.1.122,32,pick,-0.650,-0.650,-0.650,0.000,0.000,0.000
1605183051834042112,10.0.1.122,34,pick,-0.660,-0.660,-0.660,0.000,0.000,0.000
1605183052850328832,10.0.1.122,49,pick,-0.670,-0.670,-0.670,0.000,0.000,0.000
1605183053851766016,10.0.1.122,49,pick,-0.680,-0.680,-0.680,0.000,0.000,0.000
1605183054850397952,10.0.1.122,46,pick,-0.690,-0.690,-0.690,0.000,0.000,0.000
1605183055851056128,10.0.1.122,46,pick,-0.700,-0.700,-0.700,0.000,0.000,0.000
1605183056852176896,10.0.1.122,46,pick,-0.710,-0.710,-0.710,0.000,0.000,0.000
1605183057850876160,10.0.1.122,43,pick,-0.720,-0.720,-0.720,0.000,0.000,0.000
1605183058858964992,10.0.1.122,50,pick,-0.730,-0.730,-0.730,0.000,0.000,0.000
1605183059850704896,10.0.1.122,40,pick,-0.740,-0.740,-0.740,0.000,0.000,0.000
1605183060851735040,10.0.1.122,40,pick,-0.750,-0.750,-0.750,0.000,0.000,0.000
1605183061850825984,10.0.1.122,38,pick,-0.760,-0.760,-0.760,0.000,0.000,0.000
1605183062850935040,10.0.1.122,36,pick,-0.770,-0.770,-0.770,0.000,0.000,0.000
1605183064202830080,10.0.1.122,387,move_up,-0.750,-0.750,-0.750,0.000,0.000,0.000
1605183065670823168,10.0.1.122,412,move_up,-0.730,-0.730,-0.730,0.000,0.000,0.000
1605183067080419072,10.0.1.122,373,move_up,-0.710,-0.710,-0.710,0.000,0.000,0.000
1605183068502130944,10.0.1.122,365,move_up,-0.690,-0.690,-0.690,0.000,0.000,0.000
1605183069970351872,10.0.1.122,399,move_up,-0.670,-0.670,-0.670,0.000,0.000,0.000
1605183071380641024,10.0.1.122,367,move_up,-0.650,-0.650,-0.650,0.000,0.000,0.000
1605183072870646016,10.0.1.122,407,move_up,-0.630,-0.630,-0.630,0.000,0.000,0.000
1605183074323076096,10.0.1.122,391,move_up,-0.610,-0.610,-0.610,0.000,0.000,0.000
1605183075822639104,10.0.1.122,408,move_up,-0.590,-0.590,-0.590,0.000,0.000,0.000
1605183077335892992,10.0.1.122,458,move_up,-0.570,-0.570,-0.570,0.000,0.000,0.000
1605183078865035008,10.0.1.122,446,move_up,-0.550,-0.550,-0.550,0.000,0.000,0.000
1605183080431542016,10.0.1.122,496,move_up,-0.530,-0.530,-0.530,0.000,0.000,0.000
1605183081912616960,10.0.1.122,382,move_up,-0.510,-0.510,-0.510,0.000,0.000,0.000
1605183083362515968,10.0.1.122,405,move_up,-0.490,-0.490,-0.490,0.000,0.000,0.000
1605183084802295040,10.0.1.122,401,move_up,-0.470,-0.470,-0.470,0.000,0.000,0.000
1605183086252471808,10.0.1.122,371,move_up,-0.450,-0.450,-0.450,0.000,0.000,0.000
1605183087700486912,10.0.1.122,378,move_up,-0.430,-0.430,-0.430,0.000,0.000,0.000
1605183089122544896,10.0.1.122,373,move_up,-0.410,-0.410,-0.410,0.000,0.000,0.000
1605183090550371840,10.0.1.122,383,move_up,-0.390,-0.390,-0.390,0.000,0.000,0.000
1605183091991343104,10.0.1.122,380,move_up,-0.370,-0.370,-0.370,0.000,0.000,0.000
1605183093362046976,10.0.1.122,370,move_up,-0.350,-0.350,-0.350,0.000,0.000,0.000
1605183094810827008,10.0.1.122,372,move_up,-0.330,-0.330,-0.330,0.000,0.000,0.000
1605183096291269120,10.0.1.122,403,move_up,-0.310,-0.310,-0.310,0.000,0.000,0.000
1605183097780751104,10.0.1.122,415,move_up,-0.290,-0.290,-0.290,0.000,0.000,0.000
1605183099251976960,10.0.1.122,408,move_up,-0.270,-0.270,-0.270,0.000,0.000,0.000
1605183100713249024,10.0.1.122,414,move_up,-0.250,-0.250,-0.250,0.000,0.000,0.000
1605183102131555072,10.0.1.122,414,move_up,-0.230,-0.230,-0.230,0.000,0.000,0.000
1605183103612817152,10.0.1.122,419,move_up,-0.210,-0.210,-0.210,0.000,0.000,0.000
1605183105061504000,10.0.1.122,385,move_up,-0.190,-0.190,-0.190,0.000,0.000,0.000
1605183106181197824,10.0.1.122,48,place,-0.180,-0.180,-0.180,0.000,0.000,0.000
1605183107182270976,10.0.1.122,48,place,-0.170,-0.170,-0.170,0.000,0.000,0.000
1605183108181571840,10.0.1.122,45,place,-0.160,-0.160,-0.160,0.000,0.000,0.000
1605183109181188096,10.0.1.122,44,place,-0.150,-0.150,-0.150,0.000,0.000,0.000
1605183110181009920,10.0.1.122,42,place,-0.140,-0.140,-0.140,0.000,0.000,0.000
1605183111181143040,10.0.1.122,41,place,-0.130,-0.130,-0.130,0.000,0.000,0.000
1605183112180731904,10.0.1.122,39,place,-0.120,-0.120,-0.120,0.000,0.000,0.000
1605183113182053120,10.0.1.122,39,place,-0.110,-0.110,-0.110,0.000,0.000,0.000
1605183114181415168,10.0.1.122,37,place,-0.100,-0.100,-0.100,0.000,0.000,0.000
1605183115182706944,10.0.1.122,37,place,-0.090,-0.090,-0.090,0.000,0.000,0.000
1605183116180547072,10.0.1.122,34,place,-0.080,-0.080,-0.080,0.000,0.000,0.000
1605183117181803008,10.0.1.122,32,place,-0.070,-0.070,-0.070,0.000,0.000,0.000
1605183118200647168,10.0.1.122,50,place,-0.060,-0.060,-0.060,0.000,0.000,0.000
1605183119202584064,10.0.1.122,50,place,-0.050,-0.050,-0.050,0.000,0.000,0.000
1605183120200305920,10.0.1.122,47,place,-0.040,-0.040,-0.040,0.000,0.000,0.000
1605183121201469952,10.0.1.122,47,place,-0.030,-0.030,-0.030,0.000,0.000,0.000
1605183122200361984,10.0.1.122,44,place,-0.020,-0.020,-0.020,0.000,0.000,0.000
1605183123206183936,10.0.1.122,49,place,-0.010,-0.010,-0.010,0.000,0.000,0.000
1605183124200668160,10.0.1.122,37,place,0.000,0.000,0.000,0.000,0.000,0.000
1605183125540760064,10.0.1.122,377,move_down,-0.020,-0.020,-0.020,0.000,0.000,0.000
1605183126970906112,10.0.1.122,418,move_down,-0.040,-0.040,-0.040,0.000,0.000,0.000
1605183128440424960,10.0.1.122,424,move_down,-0.060,-0.060,-0.060,0.000,0.000,0.000
1605183129859987968,10.0.1.122,385,move_down,-0.080,-0.080,-0.080,0.000,0.000,0.000
1605183131293324032,10.0.1.122,398,move_down,-0.100,-0.100,-0.100,0.000,0.000,0.000
1605183132749774848,10.0.1.122,422,move_down,-0.120,-0.120,-0.120,0.000,0.000,0.000
1605183134210617088,10.0.1.122,402,move_down,-0.140,-0.140,-0.140,0.000,0.000,0.000
1605183135696564992,10.0.1.122,438,move_down,-0.160,-0.160,-0.160,0.000,0.000,0.000
1605183137181102080,10.0.1.122,407,move_down,-0.180,-0.180,-0.180,0.000,0.000,0.000
1605183138650971904,10.0.1.122,393,move_down,-0.200,-0.200,-0.200,0.000,0.000,0.000
1605183140217853952,10.0.1.122,484,move_down,-0.220,-0.220,-0.220,0.000,0.000,0.000
1605183141588137984,10.0.1.122,378,move_down,-0.240,-0.240,-0.240,0.000,0.000,0.000
1605183143048620032,10.0.1.122,425,move_down,-0.260,-0.260,-0.260,0.000,0.000,0.000
1605183144533755136,10.0.1.122,405,move_down,-0.280,-0.280,-0.280,0.000,0.000,0.000
1605183145976707840,10.0.1.122,390,move_down,-0.300,-0.300,-0.300,0.000,0.000,0.000
1605183147432264960,10.0.1.122,394,move_down,-0.320,-0.320,-0.320,0.000,0.000,0.000
1605183148911289088,10.0.1.122,417,move_down,-0.340,-0.340,-0.340,0.000,0.000,0.000
1605183150348532992,10.0.1.122,375,move_down,-0.360,-0.360,-0.360,0.000,0.000,0.000
1605183151800688896,10.0.1.122,416,move_down,-0.380,-0.380,-0.380,0.000,0.000,0.000
1605183153263195904,10.0.1.122,394,move_down,-0.400,-0.400,-0.400,0.000,0.000,0.000
1605183154721018112,10.0.1.122,406,move_down,-0.420,-0.420,-0.420,0.000,0.000,0.000
1605183156170531072,10.0.1.122,376,move_down,-0.440,-0.440,-0.440,0.000,0.000,0.000
1605183157672893952,10.0.1.122,403,move_down,-0.460,-0.460,-0.460,0.000,0.000,0.000
1605183159144881920,10.0.1.122,391,move_down,-0.480,-0.480,-0.480,0.000,0.000,0.000
1605183160640934912,10.0.1.122,411,move_down,-0.500,-0.500,-0.500,0.000,0.000,0.000
1605183162090950912,10.0.1.122,388,move_down,-0.520,-0.520,-0.520,0.000,0.000,0.000
1605183163580694016,10.0.1.122,394,move_down,-0.540,-0.540,-0.540,0.000,0.000,0.000
1605183165030947072,10.0.1.122,390,move_down,-0.560,-0.560,-0.560,0.000,0.000,0.000
1605183166577445120,10.0.1.122,454,move_down,-0.580,-0.580,-0.580,0.000,0.000,0.000
1605183167673274880,10.0.1.122,57,pick,-0.590,-0.590,-0.590,0.000,0.000,0.000
1605183168652422912,10.0.1.122,35,pick,-0.600,-0.600,-0.600,0.000,0.000,0.000
1605183169650792960,10.0.1.122,32,pick,-0.610,-0.610,-0.610,0.000,0.000,0.000
1605183170651493120,10.0.1.122,31,pick,-0.620,-0.620,-0.620,0.000,0.000,0.000
1605183171672004864,10.0.1.122,50,pick,-0.630,-0.630,-0.630,0.000,0.000,0.000
1605183172670601984,10.0.1.122,48,pick,-0.640,-0.640,-0.640,0.000,0.000,0.000
1605183173674604800,10.0.1.122,51,pick,-0.650,-0.650,-0.650,0.000,0.000,0.000
1605183174672030976,10.0.1.122,47,pick,-0.660,-0.660,-0.660,0.000,0.000,0.000
1605183175673916160,10.0.1.122,47,pick,-0.670,-0.670,-0.670,0.000,0.000,0.000
1605183176671073024,10.0.1.122,43,pick,-0.680,-0.680,-0.680,0.000,0.000,0.000
1605183177677086976,10.0.1.122,48,pick,-0.690,-0.690,-0.690,0.000,0.000,0.000
1605183178674045184,10.0.1.122,43,pick,-0.700,-0.700,-0.700,0.000,0.000,0.000
1605183179671959040,10.0.1.122,40,pick,-0.710,-0.710,-0.710,0.000,0.000,0.000
1605183180671164160,10.0.1.122,38,pick,-0.720,-0.720,-0.720,0.000,0.000,0.000
1605183181672005888,10.0.1.122,38,pick,-0.730,-0.730,-0.730,0.000,0.000,0.000
1605183182670804992,10.0.1.122,35,pick,-0.740,-0.740,-0.740,0.000,0.000,0.000
1605183183672056064,10.0.1.122,36,pick,-0.750,-0.750,-0.750,0.000,0.000,0.000
1605183184671492096,10.0.1.122,34,pick,-0.760,-0.760,-0.760,0.000,0.000,0.000
1605183185690763008,10.0.1.122,49,pick,-0.770,-0.770,-0.770,0.000,0.000,0.000
1605183187022242048,10.0.1.122,380,move_up,-0.750,-0.750,-0.750,0.000,0.000,0.000
1605183188502084096,10.0.1.122,415,move_up,-0.730,-0.730,-0.730,0.000,0.000,0.000
1605183189951145984,10.0.1.122,375,move_up,-0.710,-0.710,-0.710,0.000,0.000,0.000
1605183191392209920,10.0.1.122,388,move_up,-0.690,-0.690,-0.690,0.000,0.000,0.000
1605183192813179136,10.0.1.122,368,move_up,-0.670,-0.670,-0.670,0.000,0.000,0.000
1605183194281145088,10.0.1.122,423,move_up,-0.650,-0.650,-0.650,0.000,0.000,0.000
1605183195741928960,10.0.1.122,398,move_up,-0.630,-0.630,-0.630,0.000,0.000,0.000
1605183197190478080,10.0.1.122,373,move_up,-0.610,-0.610,-0.610,0.000,0.000,0.000
1605183198648118016,10.0.1.122,400,move_up,-0.590,-0.590,-0.590,0.000,0.000,0.000
1605183200074619904,10.0.1.122,384,move_up,-0.570,-0.570,-0.570,0.000,0.000,0.000
1605183201593549056,10.0.1.122,419,move_up,-0.550,-0.550,-0.550,0.000,0.000,0.000
1605183203042006016,10.0.1.122,390,move_up,-0.530,-0.530,-0.530,0.000,0.000,0.000
1605183204486972928,10.0.1.122,386,move_up,-0.510,-0.510,-0.510,0.000,0.000,0.000
1605183206026392064,10.0.1.122,439,move_up,-0.490,-0.490,-0.490,0.000,0.000,0.000
1605183207529769984,10.0.1.122,429,move_up,-0.470,-0.470,-0.470,0.000,0.000,0.000
1605183209126439936,10.0.1.122,495,move_up,-0.450,-0.450,-0.450,0.000,0.000,0.000
1605183210690537984,10.0.1.122,446,move_up,-0.430,-0.430,-0.430,0.000,0.000,0.000
1605183212205648896,10.0.1.122,492,move_up,-0.410,-0.410,-0.410,0.000,0.000,0.000
1605183213701095168,10.0.1.122,389,move_up,-0.390,-0.390,-0.390,0.000,0.000,0.000
1605183215199956992,10.0.1.122,395,move_up,-0.370,-0.370,-0.370,0.000,0.000,0.000
1605183216764115968,10.0.1.122,486,move_up,-0.350,-0.350,-0.350,0.000,0.000,0.000
1605183218230555136,10.0.1.122,402,move_up,-0.330,-0.330,-0.330,0.000,0.000,0.000
1605183219715161088,10.0.1.122,437,move_up,-0.310,-0.310,-0.310,0.000,0.000,0.000
1605183221204377856,10.0.1.122,406,move_up,-0.290,-0.290,-0.290,0.000,0.000,0.000
1605183222663866880,10.0.1.122,415,move_up,-0.270,-0.270,-0.270,0.000,0.000,0.000
1605183224078264064,10.0.1.122,414,move_up,-0.250,-0.250,-0.250,0.000,0.000,0.000
1605183225504718080,10.0.1.122,409,move_up,-0.230,-0.230,-0.230,0.000,0.000,0.000
1605183227017338880,10.0.1.122,469,move_up,-0.210,-0.210,-0.210,0.000,0.000,0.000
1605183228554375936,10.0.1.122,462,move_up,-0.190,-0.190,-0.190,0.000,0.000,0.000
1605183229695843072,10.0.1.122,39,place,-0.180,-0.180,-0.180,0.000,0.000,0.000
1605183230705921792,10.0.1.122,47,place,-0.170,-0.170,-0.170,0.000,0.000,0.000
1605183231701694976,10.0.1.122,41,place,-0.160,-0.160,-0.160,0.000,0.000,0.000
1605183232701207040,10.0.1.122,40,place,-0.150,-0.150,-0.150,0.000,0.000,0.000
1605183233696784896,10.0.1.122,34,place,-0.140,-0.140,-0.140,0.000,0.000,0.000
1605183234718087936,10.0.1.122,54,place,-0.130,-0.130,-0.130,0.000,0.000,0.000
1605183235716679168,10.0.1.122,51,place,-0.120,-0.120,-0.120,0.000,0.000,0.000
1605183236712711168,10.0.1.122,46,place,-0.110,-0.110,-0.110,0.000,0.000,0.000
1605183237715336192,10.0.1.122,47,place,-0.100,-0.100,-0.100,0.000,0.000,0.000
1605183238717211904,10.0.1.122,47,place,-0.090,-0.090,-0.090,0.000,0.000,0.000
1605183239715155968,10.0.1.122,44,place,-0.080,-0.080,-0.080,0.000,0.000,0.000
1605183240714243840,10.0.1.122,42,place,-0.070,-0.070,-0.070,0.000,0.000,0.000
1605183241716224000,10.0.1.122,42,place,-0.060,-0.060,-0.060,0.000,0.000,0.000
1605183242721268992,10.0.1.122,46,place,-0.050,-0.050,-0.050,0.000,0.000,0.000
1605183243717943808,10.0.1.122,41,place,-0.040,-0.040,-0.040,0.000,0.000,0.000
1605183244716041216,10.0.1.122,37,place,-0.030,-0.030,-0.030,0.000,0.000,0.000
1605183245720485888,10.0.1.122,40,place,-0.020,-0.020,-0.020,0.000,0.000,0.000
1605183246714555136,10.0.1.122,33,place,-0.010,-0.010,-0.010,0.000,0.000,0.000
1605183247716078080,10.0.1.122,34,place,0.000,0.000,0.000,0.000,0.000,0.000
1605183249144623104,10.0.1.122,461,move_down,-0.020,-0.020,-0.020,0.000,0.000,0.000
1605183250638149888,10.0.1.122,418,move_down,-0.040,-0.040,-0.040,0.000,0.000,0.000
1605183252197293056,10.0.1.122,502,move_down,-0.060,-0.060,-0.060,0.000,0.000,0.000
1605183253696832000,10.0.1.122,429,move_down,-0.080,-0.080,-0.080,0.000,0.000,0.000
1605183255157635840,10.0.1.122,401,move_down,-0.100,-0.100,-0.100,0.000,0.000,0.000
1605183256687685120,10.0.1.122,433,move_down,-0.120,-0.120,-0.120,0.000,0.000,0.000
1605183258112203008,10.0.1.122,417,move_down,-0.140,-0.140,-0.140,0.000,0.000,0.000
1605183259560890880,10.0.1.122,436,move_down,-0.160,-0.160,-0.160,0.000,0.000,0.000
1605183261045448192,10.0.1.122,436,move_down,-0.180,-0.180,-0.180,0.000,0.000,0.000
1605183262505815040,10.0.1.122,397,move_down,-0.200,-0.200,-0.200,0.000,0.000,0.000
1605183263967799808,10.0.1.122,415,move_down,-0.220,-0.220,-0.220,0.000,0.000,0.000
1605183265500154112,10.0.1.122,482,move_down,-0.240,-0.240,-0.240,0.000,0.000,0.000
1605183266990119936,10.0.1.122,433,move_down,-0.260,-0.260,-0.260,0.000,0.000,0.000
1605183268499206912,10.0.1.122,446,move_down,-0.280,-0.280,-0.280,0.000,0.000,0.000
1605183270008002048,10.0.1.122,436,move_down,-0.300,-0.300,-0.300,0.000,0.000,0.000
1605183271488987904,10.0.1.122,422,move_down,-0.320,-0.320,-0.320,0.000,0.000,0.000
1605183272982487040,10.0.1.122,432,move_down,-0.340,-0.340,-0.340,0.000,0.000,0.000
1605183274585687040,10.0.1.122,502,move_down,-0.360,-0.360,-0.360,0.000,0.000,0.000
1605183276136478976,10.0.1.122,527,move_down,-0.380,-0.380,-0.380,0.000,0.000,0.000
1605183277628743936,10.0.1.122,419,move_down,-0.400,-0.400,-0.400,0.000,0.000,0.000
1605183279098838016,10.0.1.122,396,move_down,-0.420,-0.420,-0.420,0.000,0.000,0.000
1605183280577673984,10.0.1.122,413,move_down,-0.440,-0.440,-0.440,0.000,0.000,0.000
1605183282050711040,10.0.1.122,401,move_down,-0.460,-0.460,-0.460,0.000,0.000,0.000
1605183283505275136,10.0.1.122,397,move_down,-0.480,-0.480,-0.480,0.000,0.000,0.000
1605183285025651968,10.0.1.122,438,move_down,-0.500,-0.500,-0.500,0.000,0.000,0.000
1605183286538306048,10.0.1.122,432,move_down,-0.520,-0.520,-0.520,0.000,0.000,0.000
1605183287976897024,10.0.1.122,389,move_down,-0.540,-0.540,-0.540,0.000,0.000,0.000
1605183289416617984,10.0.1.122,387,move_down,-0.560,-0.560,-0.560,0.000,0.000,0.000
1605183290939009792,10.0.1.122,434,move_down,-0.580,-0.580,-0.580,0.000,0.000,0.000
1605183292077059072,10.0.1.122,41,pick,-0.590,-0.590,-0.590,0.000,0.000,0.000
1605183293084888832,10.0.1.122,47,pick,-0.600,-0.600,-0.600,0.000,0.000,0.000
1605183294079536896,10.0.1.122,38,pick,-0.610,-0.610,-0.610,0.000,0.000,0.000
1605183295079073024,10.0.1.122,36,pick,-0.620,-0.620,-0.620,0.000,0.000,0.000
1605183296087249152,10.0.1.122,44,pick,-0.630,-0.630,-0.630,0.000,0.000,0.000
1605183297083288832,10.0.1.122,39,pick,-0.640,-0.640,-0.640,0.000,0.000,0.000
1605183298096499968,10.0.1.122,50,pick,-0.650,-0.650,-0.650,0.000,0.000,0.000
1605183299095052032,10.0.1.122,47,pick,-0.660,-0.660,-0.660,0.000,0.000,0.000
1605183300095372032,10.0.1.122,41,pick,-0.670,-0.670,-0.670,0.000,0.000,0.000
1605183301094834944,10.0.1.122,39,pick,-0.680,-0.680,-0.680,0.000,0.000,0.000
1605183302097009920,10.0.1.122,40,pick,-0.690,-0.690,-0.690,0.000,0.000,0.000
1605183303097788160,10.0.1.122,38,pick,-0.700,-0.700,-0.700,0.000,0.000,0.000
1605183304095845888,10.0.1.122,36,pick,-0.710,-0.710,-0.710,0.000,0.000,0.000
1605183305096625920,10.0.1.122,35,pick,-0.720,-0.720,-0.720,0.000,0.000,0.000
1605183306097263104,10.0.1.122,35,pick,-0.730,-0.730,-0.730,0.000,0.000,0.000
1605183307096133888,10.0.1.122,32,pick,-0.740,-0.740,-0.740,0.000,0.000,0.000
1605183308115006976,10.0.1.122,50,pick,-0.750,-0.750,-0.750,0.000,0.000,0.000
1605183309118128128,10.0.1.122,52,pick,-0.760,-0.760,-0.760,0.000,0.000,0.000
1605183310116743936,10.0.1.122,49,pick,-0.770,-0.770,-0.770,0.000,0.000,0.000
1605183311508272896,10.0.1.122,439,move_up,-0.750,-0.750,-0.750,0.000,0.000,0.000
1605183312993645824,10.0.1.122,407,move_up,-0.730,-0.730,-0.730,0.000,0.000,0.000
1605183314400363008,10.0.1.122,395,move_up,-0.710,-0.710,-0.710,0.000,0.000,0.000
1605183315915936000,10.0.1.122,440,move_up,-0.690,-0.690,-0.690,0.000,0.000,0.000
1605183317406327040,10.0.1.122,418,move_up,-0.670,-0.670,-0.670,0.000,0.000,0.000
1605183318883085056,10.0.1.122,417,move_up,-0.650,-0.650,-0.650,0.000,0.000,0.000
1605183320342274048,10.0.1.122,415,move_up,-0.630,-0.630,-0.630,0.000,0.000,0.000
1605183321834897152,10.0.1.122,372,move_up,-0.610,-0.610,-0.610,0.000,0.000,0.000
1605183323285007104,10.0.1.122,408,move_up,-0.590,-0.590,-0.590,0.000,0.000,0.000
1605183324796390144,10.0.1.122,427,move_up,-0.570,-0.570,-0.570,0.000,0.000,0.000
1605183326264125952,10.0.1.122,398,move_up,-0.550,-0.550,-0.550,0.000,0.000,0.000
1605183327809469952,10.0.1.122,467,move_up,-0.530,-0.530,-0.530,0.000,0.000,0.000
1605183329340743168,10.0.1.122,478,move_up,-0.510,-0.510,-0.510,0.000,0.000,0.000
1605183330748243200,10.0.1.122,365,move_up,-0.490,-0.490,-0.490,0.000,0.000,0.000
1605183332248147968,10.0.1.122,453,move_up,-0.470,-0.470,-0.470,0.000,0.000,0.000
1605183333723671808,10.0.1.122,398,move_up,-0.450,-0.450,-0.450,0.000,0.000,0.000
1605183335169275904,10.0.1.122,388,move_up,-0.430,-0.430,-0.430,0.000,0.000,0.000
1605183336737916928,10.0.1.122,431,move_up,-0.410,-0.410,-0.410,0.000,0.000,0.000
1605183338265351936,10.0.1.122,479,move_up,-0.390,-0.390,-0.390,0.000,0.000,0.000
1605183339857817856,10.0.1.122,498,move_up,-0.370,-0.370,-0.370,0.000,0.000,0.000
1605183341391043840,10.0.1.122,467,move_up,-0.350,-0.350,-0.350,0.000,0.000,0.000
1605183342926532096,10.0.1.122,476,move_up,-0.330,-0.330,-0.330,0.000,0.000,0.000
1605183344603760128,10.0.1.122,595,move_up,-0.310,-0.310,-0.310,0.000,0.000,0.000
1605183346139944960,10.0.1.122,500,move_up,-0.290,-0.290,-0.290,0.000,0.000,0.000
1605183347698718976,10.0.1.122,466,move_up,-0.270,-0.270,-0.270,0.000,0.000,0.000
1605183349257330944,10.0.1.122,494,move_up,-0.250,-0.250,-0.250,0.000,0.000,0.000
1605183350747420160,10.0.1.122,434,move_up,-0.230,-0.230,-0.230,0.000,0.000,0.000
1605183352297959936,10.0.1.122,450,move_up,-0.210,-0.210,-0.210,0.000,0.000,0.000
1605183353782386944,10.0.1.122,433,move_up,-0.190,-0.190,-0.190,0.000,0.000,0.000
1605183354886681088,10.0.1.122,47,place,-0.180,-0.180,-0.180,0.000,0.000,0.000
1605183355880084992,10.0.1.122,39,place,-0.170,-0.170,-0.170,0.000,0.000,0.000
1605183356879151104,10.0.1.122,36,place,-0.160,-0.160,-0.160,0.000,0.000,0.000
1605183357879354880,10.0.1.122,35,place,-0.150,-0.150,-0.150,0.000,0.000,0.000
1605183358903951872,10.0.1.122,52,place,-0.140,-0.140,-0.140,0.000,0.000,0.000
1605183359900032000,10.0.1.122,47,place,-0.130,-0.130,-0.130,0.000,0.000,0.000
1605183360905798912,10.0.1.122,51,place,-0.120,-0.120,-0.120,0.000,0.000,0.000
1605183361897298944,10.0.1.122,41,place,-0.110,-0.110,-0.110,0.000,0.000,0.000
1605183362897401088,10.0.1.122,41,place,-0.100,-0.100,-0.100,0.000,0.000,0.000
1605183363901606912,10.0.1.122,44,place,-0.090,-0.090,-0.090,0.000,0.000,0.000
1605183364907269888,10.0.1.122,48,place,-0.080,-0.080,-0.080,0.000,0.000,0.000
1605183365903969024,10.0.1.122,43,place,-0.070,-0.070,-0.070,0.000,0.000,0.000
1605183366899090944,10.0.1.122,37,place,-0.060,-0.060,-0.060,0.000,0.000,0.000
1605183368864736000,10.0.1.122,NaN,place,-0.040,-0.040,-0.040,0.000,0.000,0.000
1605183368918555136,10.0.1.122,53,place,-0.040,-0.040,-0.040,0.000,0.000,0.000
1605183369923809024,10.0.1.122,57,place,-0.030,-0.030,-0.030,0.000,0.000,0.000
1605183370917201152,10.0.1.122,49,place,-0.020,-0.020,-0.020,0.000,0.000,0.000
1605183371915302912,10.0.1.122,46,place,-0.010,-0.010,-0.010,0.000,0.000,0.000
1605183372916429056,10.0.1.122,46,place,0.000,0.000,0.000,0.000,0.000,0.000
1605183374270306048,10.0.1.122,398,move_down,-0.020,-0.020,-0.020,0.000,0.000,0.000
1605183375858019072,10.0.1.122,492,move_down,-0.040,-0.040,-0.040,0.000,0.000,0.000
1605183377310487040,10.0.1.122,395,move_down,-0.060,-0.060,-0.060,0.000,0.000,0.000
1605183378718280192,10.0.1.122,382,move_down,-0.080,-0.080,-0.080,0.000,0.000,0.000
1605183380444531968,10.0.1.122,626,move_down,-0.100,-0.100,-0.100,0.000,0.000,0.000
1605183381936652800,10.0.1.122,468,move_down,-0.120,-0.120,-0.120,0.000,0.000,0.000
1605183383526391040,10.0.1.122,501,move_down,-0.140,-0.140,-0.140,0.000,0.000,0.000
1605183384977682176,10.0.1.122,417,move_down,-0.160,-0.160,-0.160,0.000,0.000,0.000
1605183386540691968,10.0.1.122,479,move_down,-0.180,-0.180,-0.180,0.000,0.000,0.000
1605183388010729984,10.0.1.122,409,move_down,-0.200,-0.200,-0.200,0.000,0.000,0.000
1605183389547169024,10.0.1.122,455,move_down,-0.220,-0.220,-0.220,0.000,0.000,0.000
1605183390963866880,10.0.1.122,439,move_down,-0.240,-0.240,-0.240,0.000,0.000,0.000
1605183392501987072,10.0.1.122,475,move_down,-0.260,-0.260,-0.260,0.000,0.000,0.000
1605183394069356800,10.0.1.122,453,move_down,-0.280,-0.280,-0.280,0.000,0.000,0.000
1605183395540653824,10.0.1.122,457,move_down,-0.300,-0.300,-0.300,0.000,0.000,0.000
1605183397061536000,10.0.1.122,455,move_down,-0.320,-0.320,-0.320,0.000,0.000,0.000
1605183398554722048,10.0.1.122,455,move_down,-0.340,-0.340,-0.340,0.000,0.000,0.000
1605183399984028160,10.0.1.122,434,move_down,-0.360,-0.360,-0.360,0.000,0.000,0.000
1605183401574551040,10.0.1.122,514,move_down,-0.380,-0.380,-0.380,0.000,0.000,0.000
1605183403116386816,10.0.1.122,415,move_down,-0.400,-0.400,-0.400,0.000,0.000,0.000
1605183404664371968,10.0.1.122,478,move_down,-0.420,-0.420,-0.420,0.000,0.000,0.000
1605183406224304896,10.0.1.122,501,move_down,-0.440,-0.440,-0.440,0.000,0.000,0.000
1605183407836285952,10.0.1.122,531,move_down,-0.460,-0.460,-0.460,0.000,0.000,0.000
1605183409417710080,10.0.1.122,458,move_down,-0.480,-0.480,-0.480,0.000,0.000,0.000
1605183410977233920,10.0.1.122,509,move_down,-0.500,-0.500,-0.500,0.000,0.000,0.000
1605183412474536960,10.0.1.122,467,move_down,-0.520,-0.520,-0.520,0.000,0.000,0.000
1605183414019013888,10.0.1.122,451,move_down,-0.540,-0.540,-0.540,0.000,0.000,0.000
1605183415496182016,10.0.1.122,434,move_down,-0.560,-0.560,-0.560,0.000,0.000,0.000
1605183417025686016,10.0.1.122,426,move_down,-0.580,-0.580,-0.580,0.000,0.000,0.000
1605183418149867008,10.0.1.122,55,pick,-0.590,-0.590,-0.590,0.000,0.000,0.000
1605183419182447872,10.0.1.122,86,pick,-0.600,-0.600,-0.600,0.000,0.000,0.000
1605183420142651136,10.0.1.122,45,pick,-0.610,-0.610,-0.610,0.000,0.000,0.000
1605183421148498176,10.0.1.122,49,pick,-0.620,-0.620,-0.620,0.000,0.000,0.000
1605183422154472960,10.0.1.122,52,pick,-0.630,-0.630,-0.630,0.000,0.000,0.000
1605183423151597056,10.0.1.122,48,pick,-0.640,-0.640,-0.640,0.000,0.000,0.000
1605183424149745920,10.0.1.122,45,pick,-0.650,-0.650,-0.650,0.000,0.000,0.000
1605183425148344064,10.0.1.122,42,pick,-0.660,-0.660,-0.660,0.000,0.000,0.000
1605183426153014016,10.0.1.122,45,pick,-0.670,-0.670,-0.670,0.000,0.000,0.000
1605183427152847104,10.0.1.122,42,pick,-0.680,-0.680,-0.680,0.000,0.000,0.000
1605183428154767104,10.0.1.122,43,pick,-0.690,-0.690,-0.690,0.000,0.000,0.000
1605183429158881792,10.0.1.122,46,pick,-0.700,-0.700,-0.700,0.000,0.000,0.000
1605183430161299968,10.0.1.122,47,pick,-0.710,-0.710,-0.710,0.000,0.000,0.000
1605183431167633152,10.0.1.122,52,pick,-0.720,-0.720,-0.720,0.000,0.000,0.000
1605183432165995008,10.0.1.122,48,pick,-0.730,-0.730,-0.730,0.000,0.000,0.000
1605183433170144000,10.0.1.122,51,pick,-0.740,-0.740,-0.740,0.000,0.000,0.000
1605183434167124992,10.0.1.122,46,pick,-0.750,-0.750,-0.750,0.000,0.000,0.000
1605183435167155968,10.0.1.122,45,pick,-0.760,-0.760,-0.760,0.000,0.000,0.000
1605183436167778048,10.0.1.122,44,pick,-0.770,-0.770,-0.770,0.000,0.000,0.000
1605183437585968896,10.0.1.122,456,move_up,-0.750,-0.750,-0.750,0.000,0.000,0.000
1605183439080048128,10.0.1.122,424,move_up,-0.730,-0.730,-0.730,0.000,0.000,0.000
1605183440598189056,10.0.1.122,422,move_up,-0.710,-0.710,-0.710,0.000,0.000,0.000
1605183442160038912,10.0.1.122,457,move_up,-0.690,-0.690,-0.690,0.000,0.000,0.000
1605183443605245184,10.0.1.122,409,move_up,-0.670,-0.670,-0.670,0.000,0.000,0.000
1605183445107940864,10.0.1.122,431,move_up,-0.650,-0.650,-0.650,0.000,0.000,0.000
1605183446646894848,10.0.1.122,437,move_up,-0.630,-0.630,-0.630,0.000,0.000,0.000
1605183448206227968,10.0.1.122,497,move_up,-0.610,-0.610,-0.610,0.000,0.000,0.000
1605183449696589824,10.0.1.122,436,move_up,-0.590,-0.590,-0.590,0.000,0.000,0.000
1605183451245547008,10.0.1.122,466,move_up,-0.570,-0.570,-0.570,0.000,0.000,0.000
1605183452767544064,10.0.1.122,443,move_up,-0.550,-0.550,-0.550,0.000,0.000,0.000
1605183454324652800,10.0.1.122,482,move_up,-0.530,-0.530,-0.530,0.000,0.000,0.000
1605183455750130944,10.0.1.122,384,move_up,-0.510,-0.510,-0.510,0.000,0.000,0.000
1605183457252410880,10.0.1.122,456,move_up,-0.490,-0.490,-0.490,0.000,0.000,0.000
1605183458779963904,10.0.1.122,455,move_up,-0.470,-0.470,-0.470,0.000,0.000,0.000
1605183460322125824,10.0.1.122,470,move_up,-0.450,-0.450,-0.450,0.000,0.000,0.000
1605183461918601984,10.0.1.122,476,move_up,-0.430,-0.430,-0.430,0.000,0.000,0.000
1605183463429081088,10.0.1.122,428,move_up,-0.410,-0.410,-0.410,0.000,0.000,0.000
1605183465014658816,10.0.1.122,478,move_up,-0.390,-0.390,-0.390,0.000,0.000,0.000
1605183466557462016,10.0.1.122,472,move_up,-0.370,-0.370,-0.370,0.000,0.000,0.000
1605183468070953984,10.0.1.122,444,move_up,-0.350,-0.350,-0.350,0.000,0.000,0.000
1605183469639905024,10.0.1.122,496,move_up,-0.330,-0.330,-0.330,0.000,0.000,0.000
1605183471160280064,10.0.1.122,434,move_up,-0.310,-0.310,-0.310,0.000,0.000,0.000
1605183472741974016,10.0.1.122,490,move_up,-0.290,-0.290,-0.290,0.000,0.000,0.000
1605183474342288128,10.0.1.122,488,move_up,-0.270,-0.270,-0.270,0.000,0.000,0.000
1605183476040414208,10.0.1.122,593,move_up,-0.250,-0.250,-0.250,0.000,0.000,0.000
1605183477719239936,10.0.1.122,539,move_up,-0.230,-0.230,-0.230,0.000,0.000,0.000
1605183479266812160,10.0.1.122,541,move_up,-0.210,-0.210,-0.210,0.000,0.000,0.000
1605183480883305984,10.0.1.122,551,move_up,-0.190,-0.190,-0.190,0.000,0.000,0.000
1605183482023062016,10.0.1.122,51,place,-0.180,-0.180,-0.180,0.000,0.000,0.000
1605183483017479936,10.0.1.122,45,place,-0.170,-0.170,-0.170,0.000,0.000,0.000
1605183484021948928,10.0.1.122,47,place,-0.160,-0.160,-0.160,0.000,0.000,0.000
1605183485018657024,10.0.1.122,42,place,-0.150,-0.150,-0.150,0.000,0.000,0.000
1605183486018275072,10.0.1.122,40,place,-0.140,-0.140,-0.140,0.000,0.000,0.000
1605183487022998016,10.0.1.122,43,place,-0.130,-0.130,-0.130,0.000,0.000,0.000
1605183488017611008,10.0.1.122,36,place,-0.120,-0.120,-0.120,0.000,0.000,0.000
1605183489016948992,10.0.1.122,34,place,-0.110,-0.110,-0.110,0.000,0.000,0.000
1605183490023917824,10.0.1.122,40,place,-0.100,-0.100,-0.100,0.000,0.000,0.000
1605183491020750080,10.0.1.122,36,place,-0.090,-0.090,-0.090,0.000,0.000,0.000
1605183492023376896,10.0.1.122,38,place,-0.080,-0.080,-0.080,0.000,0.000,0.000
1605183493040822016,10.0.1.122,52,place,-0.070,-0.070,-0.070,0.000,0.000,0.000
1605183494037718016,10.0.1.122,47,place,-0.060,-0.060,-0.060,0.000,0.000,0.000
1605183495019587072,10.0.1.122,28,place,-0.050,-0.050,-0.050,0.000,0.000,0.000
1605183496042735104,10.0.1.122,50,place,-0.040,-0.040,-0.040,0.000,0.000,0.000
1605183497041795072,10.0.1.122,49,place,-0.030,-0.030,-0.030,0.000,0.000,0.000
1605183498041011200,10.0.1.122,46,place,-0.020,-0.020,-0.020,0.000,0.000,0.000
1605183499038510080,10.0.1.122,42,place,-0.010,-0.010,-0.010,0.000,0.000,0.000
1605183500037004032,10.0.1.122,37,place,0.000,0.000,0.000,0.000,0.000,0.000
1605183501498567168,10.0.1.122,497,move_down,-0.020,-0.020,-0.020,0.000,0.000,0.000
1605183502951208192,10.0.1.122,426,move_down,-0.040,-0.040,-0.040,0.000,0.000,0.000
1605183504516766976,10.0.1.122,486,move_down,-0.060,-0.060,-0.060,0.000,0.000,0.000
1605183506043340800,10.0.1.122,444,move_down,-0.080,-0.080,-0.080,0.000,0.000,0.000
1605183507613949184,10.0.1.122,418,move_down,-0.100,-0.100,-0.100,0.000,0.000,0.000
1605183509170695168,10.0.1.122,465,move_down,-0.120,-0.120,-0.120,0.000,0.000,0.000
1605183510679815936,10.0.1.122,451,move_down,-0.140,-0.140,-0.140,0.000,0.000,0.000
1605183512260281088,10.0.1.122,442,move_down,-0.160,-0.160,-0.160,0.000,0.000,0.000
1605183513825180928,10.0.1.122,478,move_down,-0.180,-0.180,-0.180,0.000,0.000,0.000
1605183515348623872,10.0.1.122,439,move_down,-0.200,-0.200,-0.200,0.000,0.000,0.000
1605183516970236160,10.0.1.122,558,move_down,-0.220,-0.220,-0.220,0.000,0.000,0.000
1605183518527667968,10.0.1.122,458,move_down,-0.240,-0.240,-0.240,0.000,0.000,0.000
1605183520156616960,10.0.1.122,541,move_down,-0.260,-0.260,-0.260,0.000,0.000,0.000
1605183521778232064,10.0.1.122,523,move_down,-0.280,-0.280,-0.280,0.000,0.000,0.000
1605183523350106112,10.0.1.122,527,move_down,-0.300,-0.300,-0.300,0.000,0.000,0.000
1605183524860867072,10.0.1.122,475,move_down,-0.320,-0.320,-0.320,0.000,0.000,0.000
1605183526448726016,10.0.1.122,507,move_down,-0.340,-0.340,-0.340,0.000,0.000,0.000
1605183527972084992,10.0.1.122,454,move_down,-0.360,-0.360,-0.360,0.000,0.000,0.000
1605183529472114944,10.0.1.122,428,move_down,-0.380,-0.380,-0.380,0.000,0.000,0.000
1605183531057967872,10.0.1.122,539,move_down,-0.400,-0.400,-0.400,0.000,0.000,0.000
1605183532512748032,10.0.1.122,428,move_down,-0.420,-0.420,-0.420,0.000,0.000,0.000
1605183534024337920,10.0.1.122,446,move_down,-0.440,-0.440,-0.440,0.000,0.000,0.000
1605183535592724992,10.0.1.122,488,move_down,-0.460,-0.460,-0.460,0.000,0.000,0.000
1605183537094748928,10.0.1.122,439,move_down,-0.480,-0.480,-0.480,0.000,0.000,0.000
1605183538671706880,10.0.1.122,488,move_down,-0.500,-0.500,-0.500,0.000,0.000,0.000
1605183540225928192,10.0.1.122,484,move_down,-0.520,-0.520,-0.520,0.000,0.000,0.000
1605183541812125952,10.0.1.122,557,move_down,-0.540,-0.540,-0.540,0.000,0.000,0.000
1605183543600495104,10.0.1.122,692,move_down,-0.560,-0.560,-0.560,0.000,0.000,0.000
1605183545290647040,10.0.1.122,599,move_down,-0.580,-0.580,-0.580,0.000,0.000,0.000
1605183546389070080,10.0.1.122,35,pick,-0.590,-0.590,-0.590,0.000,0.000,0.000
1605183547412388096,10.0.1.122,52,pick,-0.600,-0.600,-0.600,0.000,0.000,0.000
1605183548413024000,10.0.1.122,51,pick,-0.610,-0.610,-0.610,0.000,0.000,0.000
1605183549410424064,10.0.1.122,47,pick,-0.620,-0.620,-0.620,0.000,0.000,0.000
1605183550409580032,10.0.1.122,45,pick,-0.630,-0.630,-0.630,0.000,0.000,0.000
1605183551409865984,10.0.1.122,45,pick,-0.640,-0.640,-0.640,0.000,0.000,0.000
1605183552409060096,10.0.1.122,43,pick,-0.650,-0.650,-0.650,0.000,0.000,0.000
1605183553423307008,10.0.1.122,53,pick,-0.660,-0.660,-0.660,0.000,0.000,0.000
1605183554408256000,10.0.1.122,32,pick,-0.670,-0.670,-0.670,0.000,0.000,0.000
1605183555420710144,10.0.1.122,44,pick,-0.680,-0.680,-0.680,0.000,0.000,0.000
1605183556428472064,10.0.1.122,49,pick,-0.690,-0.690,-0.690,0.000,0.000,0.000
1605183557432858880,10.0.1.122,52,pick,-0.700,-0.700,-0.700,0.000,0.000,0.000
1605183558430280960,10.0.1.122,49,pick,-0.710,-0.710,-0.710,0.000,0.000,0.000
1605183559425179904,10.0.1.122,34,pick,-0.720,-0.720,-0.720,0.000,0.000,0.000
1605183560428690944,10.0.1.122,35,pick,-0.730,-0.730,-0.730,0.000,0.000,0.000
1605183561437046016,10.0.1.122,42,pick,-0.740,-0.740,-0.740,0.000,0.000,0.000
1605183562447278080,10.0.1.122,52,pick,-0.750,-0.750,-0.750,0.000,0.000,0.000
1605183563431177984,10.0.1.122,34,pick,-0.760,-0.760,-0.760,0.000,0.000,0.000
1605183565399247872,10.0.1.122,NaN,move_up,-0.750,-0.750,-0.750,0.000,0.000,0.000
1605183565893705984,10.0.1.122,494,move_up,-0.750,-0.750,-0.750,0.000,0.000,0.000
1605183567447324928,10.0.1.122,472,move_up,-0.730,-0.730,-0.730,0.000,0.000,0.000
1605183569055280896,10.0.1.122,499,move_up,-0.710,-0.710,-0.710,0.000,0.000,0.000
1605183570609484032,10.0.1.122,439,move_up,-0.690,-0.690,-0.690,0.000,0.000,0.000
1605183572194195968,10.0.1.122,512,move_up,-0.670,-0.670,-0.670,0.000,0.000,0.000
1605183573811492864,10.0.1.122,555,move_up,-0.650,-0.650,-0.650,0.000,0.000,0.000
1605183575381124864,10.0.1.122,524,move_up,-0.630,-0.630,-0.630,0.000,0.000,0.000
1605183577010562048,10.0.1.122,535,move_up,-0.610,-0.610,-0.610,0.000,0.000,0.000
1605183578614727936,10.0.1.122,524,move_up,-0.590,-0.590,-0.590,0.000,0.000,0.000
1605183580244131072,10.0.1.122,536,move_up,-0.570,-0.570,-0.570,0.000,0.000,0.000
1605183581777171968,10.0.1.122,462,move_up,-0.550,-0.550,-0.550,0.000,0.000,0.000
1605183583327277824,10.0.1.122,502,move_up,-0.530,-0.530,-0.530,0.000,0.000,0.000
1605183584825917952,10.0.1.122,434,move_up,-0.510,-0.510,-0.510,0.000,0.000,0.000
1605183586449875200,10.0.1.122,526,move_up,-0.490,-0.490,-0.490,0.000,0.000,0.000
1605183587996869120,10.0.1.122,451,move_up,-0.470,-0.470,-0.470,0.000,0.000,0.000
1605183589530936064,10.0.1.122,473,move_up,-0.450,-0.450,-0.450,0.000,0.000,0.000
1605183591247279872,10.0.1.122,494,move_up,-0.430,-0.430,-0.430,0.000,0.000,0.000
1605183592738992896,10.0.1.122,415,move_up,-0.410,-0.410,-0.410,0.000,0.000,0.000
1605183594283058944,10.0.1.122,432,move_up,-0.390,-0.390,-0.390,0.000,0.000,0.000
1605183595826793984,10.0.1.122,472,move_up,-0.370,-0.370,-0.370,0.000,0.000,0.000
1605183597333424128,10.0.1.122,451,move_up,-0.350,-0.350,-0.350,0.000,0.000,0.000
1605183598850073088,10.0.1.122,435,move_up,-0.330,-0.330,-0.330,0.000,0.000,0.000
1605183600417350144,10.0.1.122,487,move_up,-0.310,-0.310,-0.310,0.000,0.000,0.000
1605183601937438976,10.0.1.122,447,move_up,-0.290,-0.290,-0.290,0.000,0.000,0.000
1605183603463869952,10.0.1.122,454,move_up,-0.270,-0.270,-0.270,0.000,0.000,0.000
1605183605093335040,10.0.1.122,533,move_up,-0.250,-0.250,-0.250,0.000,0.000,0.000
1605183606649324800,10.0.1.122,450,move_up,-0.230,-0.230,-0.230,0.000,0.000,0.000
1605183608303374080,10.0.1.122,545,move_up,-0.210,-0.210,-0.210,0.000,0.000,0.000
1605183609979118080,10.0.1.122,624,move_up,-0.190,-0.190,-0.190,0.000,0.000,0.000
1605183611112024064,10.0.1.122,70,place,-0.180,-0.180,-0.180,0.000,0.000,0.000
1605183612088582144,10.0.1.122,45,place,-0.170,-0.170,-0.170,0.000,0.000,0.000
1605183613091087104,10.0.1.122,43,place,-0.160,-0.160,-0.160,0.000,0.000,0.000
1605183614098771968,10.0.1.122,49,place,-0.150,-0.150,-0.150,0.000,0.000,0.000
1605183615100045056,10.0.1.122,49,place,-0.140,-0.140,-0.140,0.000,0.000,0.000
1605183617055536128,10.0.1.122,NaN,place,-0.120,-0.120,-0.120,0.000,0.000,0.000
1605183617117168896,10.0.1.122,61,place,-0.120,-0.120,-0.120,0.000,0.000,0.000
1605183618094871040,10.0.1.122,37,place,-0.110,-0.110,-0.110,0.000,0.000,0.000
1605183619105992192,10.0.1.122,47,place,-0.100,-0.100,-0.100,0.000,0.000,0.000
1605183620095340032,10.0.1.122,35,place,-0.090,-0.090,-0.090,0.000,0.000,0.000
1605183621120238080,10.0.1.122,59,place,-0.080,-0.080,-0.080,0.000,0.000,0.000
1605183622106749952,10.0.1.122,44,place,-0.070,-0.070,-0.070,0.000,0.000,0.000
1605183623117219840,10.0.1.122,52,place,-0.060,-0.060,-0.060,0.000,0.000,0.000
1605183624113224960,10.0.1.122,46,place,-0.050,-0.050,-0.050,0.000,0.000,0.000
1605183626068929792,10.0.1.122,NaN,place,-0.030,-0.030,-0.030,0.000,0.000,0.000
1605183627070262784,10.0.1.122,NaN,place,-0.020,-0.020,-0.020,0.000,0.000,0.000
1605183628071715072,10.0.1.122,NaN,place,-0.010,-0.010,-0.010,0.000,0.000,0.000
1605183628117454080,10.0.1.122,45,place,-0.010,-0.010,-0.010,0.000,0.000,0.000
1605183629107801856,10.0.1.122,34,place,0.000,0.000,0.000,0.000,0.000,0.000
1605183630670619136,10.0.1.122,591,move_down,-0.020,-0.020,-0.020,0.000,0.000,0.000
1605183632378617088,10.0.1.122,613,move_down,-0.040,-0.040,-0.040,0.000,0.000,0.000
1605183634041507840,10.0.1.122,591,move_down,-0.060,-0.060,-0.060,0.000,0.000,0.000
1605183635619771904,10.0.1.122,516,move_down,-0.080,-0.080,-0.080,0.000,0.000,0.000
1605183637181961984,10.0.1.122,520,move_down,-0.100,-0.100,-0.100,0.000,0.000,0.000
1605183638886629120,10.0.1.122,598,move_down,-0.120,-0.120,-0.120,0.000,0.000,0.000
1605183640380340224,10.0.1.122,466,move_down,-0.140,-0.140,-0.140,0.000,0.000,0.000
1605183641916667904,10.0.1.122,458,move_down,-0.160,-0.160,-0.160,0.000,0.000,0.000
1605183643673792000,10.0.1.122,623,move_down,-0.180,-0.180,-0.180,0.000,0.000,0.000
1605183645271486976,10.0.1.122,523,move_down,-0.200,-0.200,-0.200,0.000,0.000,0.000
1605183646793353984,10.0.1.122,481,move_down,-0.220,-0.220,-0.220,0.000,0.000,0.000
1605183648446127872,10.0.1.122,555,move_down,-0.240,-0.240,-0.240,0.000,0.000,0.000
1605183649968403968,10.0.1.122,462,move_down,-0.260,-0.260,-0.260,0.000,0.000,0.000
1605183651596719104,10.0.1.122,523,move_down,-0.280,-0.280,-0.280,0.000,0.000,0.000
1605183653293811968,10.0.1.122,588,move_down,-0.300,-0.300,-0.300,0.000,0.000,0.000
1605183654936284160,10.0.1.122,543,move_down,-0.320,-0.320,-0.320,0.000,0.000,0.000
1605183656515744000,10.0.1.122,517,move_down,-0.340,-0.340,-0.340,0.000,0.000,0.000
1605183658149198080,10.0.1.122,575,move_down,-0.360,-0.360,-0.360,0.000,0.000,0.000
1605183659721848064,10.0.1.122,503,move_down,-0.380,-0.380,-0.380,0.000,0.000,0.000
1605183661388432896,10.0.1.122,545,move_down,-0.400,-0.400,-0.400,0.000,0.000,0.000
1605183662945571072,10.0.1.122,517,move_down,-0.420,-0.420,-0.420,0.000,0.000,0.000
1605183664476652032,10.0.1.122,503,move_down,-0.440,-0.440,-0.440,0.000,0.000,0.000
1605183666117798144,10.0.1.122,581,move_down,-0.460,-0.460,-0.460,0.000,0.000,0.000
1605183667673357056,10.0.1.122,466,move_down,-0.480,-0.480,-0.480,0.000,0.000,0.000
1605183669219255040,10.0.1.122,513,move_down,-0.500,-0.500,-0.500,0.000,0.000,0.000
1605183670839672064,10.0.1.122,539,move_down,-0.520,-0.520,-0.520,0.000,0.000,0.000
1605183672431215104,10.0.1.122,532,move_down,-0.540,-0.540,-0.540,0.000,0.000,0.000
1605183673973548032,10.0.1.122,493,move_down,-0.560,-0.560,-0.560,0.000,0.000,0.000
1605183675482991872,10.0.1.122,471,move_down,-0.580,-0.580,-0.580,0.000,0.000,0.000
1605183676621381120,10.0.1.122,41,pick,-0.590,-0.590,-0.590,0.000,0.000,0.000
1605183678583987968,10.0.1.122,NaN,pick,-0.610,-0.610,-0.610,0.000,0.000,0.000
1605183678632091136,10.0.1.122,48,pick,-0.610,-0.610,-0.610,0.000,0.000,0.000
1605183679630393856,10.0.1.122,43,pick,-0.620,-0.620,-0.620,0.000,0.000,0.000
1605183681589116928,10.0.1.122,NaN,pick,-0.640,-0.640,-0.640,0.000,0.000,0.000
1605183681647820032,10.0.1.122,58,pick,-0.640,-0.640,-0.640,0.000,0.000,0.000
1605183682628006912,10.0.1.122,38,pick,-0.650,-0.650,-0.650,0.000,0.000,0.000
1605183683643618048,10.0.1.122,52,pick,-0.660,-0.660,-0.660,0.000,0.000,0.000
1605183684628371968,10.0.1.122,36,pick,-0.670,-0.670,-0.670,0.000,0.000,0.000
1605183685631774976,10.0.1.122,38,pick,-0.680,-0.680,-0.680,0.000,0.000,0.000
1605183686628998144,10.0.1.122,34,pick,-0.690,-0.690,-0.690,0.000,0.000,0.000
1605183687647649024,10.0.1.122,50,pick,-0.700,-0.700,-0.700,0.000,0.000,0.000
1605183688670981888,10.0.1.122,71,pick,-0.710,-0.710,-0.710,0.000,0.000,0.000
1605183690604690176,10.0.1.122,NaN,pick,-0.730,-0.730,-0.730,0.000,0.000,0.000
1605183691626447872,10.0.1.122,NaN,pick,-0.740,-0.740,-0.740,0.000,0.000,0.000
1605183691677715968,10.0.1.122,51,pick,-0.740,-0.740,-0.740,0.000,0.000,0.000
1605183692667129088,10.0.1.122,39,pick,-0.750,-0.750,-0.750,0.000,0.000,0.000
1605183693673046016,10.0.1.122,43,pick,-0.760,-0.760,-0.760,0.000,0.000,0.000
1605183694665538048,10.0.1.122,34,pick,-0.770,-0.770,-0.770,0.000,0.000,0.000
1605183696196621824,10.0.1.122,564,move_up,-0.750,-0.750,-0.750,0.000,0.000,0.000
1605183697822906112,10.0.1.122,542,move_up,-0.730,-0.730,-0.730,0.000,0.000,0.000
1605183699386765056,10.0.1.122,482,move_up,-0.710,-0.710,-0.710,0.000,0.000,0.000
1605183700968354816,10.0.1.122,522,move_up,-0.690,-0.690,-0.690,0.000,0.000,0.000
1605183702581175040,10.0.1.122,525,move_up,-0.670,-0.670,-0.670,0.000,0.000,0.000
1605183704261032960,10.0.1.122,581,move_up,-0.650,-0.650,-0.650,0.000,0.000,0.000
1605183705855310848,10.0.1.122,497,move_up,-0.630,-0.630,-0.630,0.000,0.000,0.000
1605183707578452992,10.0.1.122,626,move_up,-0.610,-0.610,-0.610,0.000,0.000,0.000
1605183709160173056,10.0.1.122,520,move_up,-0.590,-0.590,-0.590,0.000,0.000,0.000
1605183710682409984,10.0.1.122,489,move_up,-0.570,-0.570,-0.570,0.000,0.000,0.000
1605183712404722944,10.0.1.122,565,move_up,-0.550,-0.550,-0.550,0.000,0.000,0.000
1605183713969163776,10.0.1.122,476,move_up,-0.530,-0.530,-0.530,0.000,0.000,0.000
1605183715613396992,10.0.1.122,536,move_up,-0.510,-0.510,-0.510,0.000,0.000,0.000
1605183717179084032,10.0.1.122,483,move_up,-0.490,-0.490,-0.490,0.000,0.000,0.000
1605183718687678976,10.0.1.122,454,move_up,-0.470,-0.470,-0.470,0.000,0.000,0.000
1605183720270647040,10.0.1.122,465,move_up,-0.450,-0.450,-0.450,0.000,0.000,0.000
1605183721998492928,10.0.1.122,637,move_up,-0.430,-0.430,-0.430,0.000,0.000,0.000
1605183723616246016,10.0.1.122,590,move_up,-0.410,-0.410,-0.410,0.000,0.000,0.000
1605183725219634176,10.0.1.122,512,move_up,-0.390,-0.390,-0.390,0.000,0.000,0.000
1605183726807315200,10.0.1.122,559,move_up,-0.370,-0.370,-0.370,0.000,0.000,0.000
1605183728410810880,10.0.1.122,508,move_up,-0.350,-0.350,-0.350,0.000,0.000,0.000
1605183729912101888,10.0.1.122,448,move_up,-0.330,-0.330,-0.330,0.000,0.000,0.000
1605183731456337920,10.0.1.122,487,move_up,-0.310,-0.310,-0.310,0.000,0.000,0.000
1605183733037971968,10.0.1.122,463,move_up,-0.290,-0.290,-0.290,0.000,0.000,0.000
1605183734639965184,10.0.1.122,508,move_up,-0.270,-0.270,-0.270,0.000,0.000,0.000
1605183736220989952,10.0.1.122,513,move_up,-0.250,-0.250,-0.250,0.000,0.000,0.000
1605183737860142080,10.0.1.122,553,move_up,-0.230,-0.230,-0.230,0.000,0.000,0.000
1605183739669420032,10.0.1.122,702,move_up,-0.210,-0.210,-0.210,0.000,0.000,0.000
1605183741292134144,10.0.1.122,545,move_up,-0.190,-0.190,-0.190,0.000,0.000,0.000
1605183743378736128,10.0.1.122,NaN,place,-0.170,-0.170,-0.170,0.000,0.000,0.000
1605183743428327936,10.0.1.122,49,place,-0.170,-0.170,-0.170,0.000,0.000,0.000
1605183744440457216,10.0.1.122,60,place,-0.160,-0.160,-0.160,0.000,0.000,0.000
1605183745410280960,10.0.1.122,29,place,-0.150,-0.150,-0.150,0.000,0.000,0.000
1605183746454838016,10.0.1.122,71,place,-0.140,-0.140,-0.140,0.000,0.000,0.000
1605183747432023040,10.0.1.122,47,place,-0.130,-0.130,-0.130,0.000,0.000,0.000
1605183748431202816,10.0.1.122,44,place,-0.120,-0.120,-0.120,0.000,0.000,0.000
1605183749454395904,10.0.1.122,49,place,-0.110,-0.110,-0.110,0.000,0.000,0.000
1605183750450921984,10.0.1.122,44,place,-0.100,-0.100,-0.100,0.000,0.000,0.000
1605183751469099008,10.0.1.122,56,place,-0.090,-0.090,-0.090,0.000,0.000,0.000
1605183752456770816,10.0.1.122,41,place,-0.080,-0.080,-0.080,0.000,0.000,0.000
1605183753481257984,10.0.1.122,62,place,-0.070,-0.070,-0.070,0.000,0.000,0.000
1605183754476733952,10.0.1.122,56,place,-0.060,-0.060,-0.060,0.000,0.000,0.000
1605183755479347968,10.0.1.122,57,place,-0.050,-0.050,-0.050,0.000,0.000,0.000
1605183756483342848,10.0.1.122,60,place,-0.040,-0.040,-0.040,0.000,0.000,0.000
1605183757488771072,10.0.1.122,64,place,-0.030,-0.030,-0.030,0.000,0.000,0.000
1605183758482656000,10.0.1.122,58,place,-0.020,-0.020,-0.020,0.000,0.000,0.000
1605183759486426112,10.0.1.122,60,place,-0.010,-0.010,-0.010,0.000,0.000,0.000
1605183761429763072,10.0.1.122,NaN,move_down,-0.020,-0.020,-0.020,0.000,0.000,0.000
1605183761958800128,10.0.1.122,528,move_down,-0.020,-0.020,-0.020,0.000,0.000,0.000
1605183763603819008,10.0.1.122,485,move_down,-0.040,-0.040,-0.040,0.000,0.000,0.000
1605183765247819008,10.0.1.122,523,move_down,-0.060,-0.060,-0.060,0.000,0.000,0.000
1605183766965886976,10.0.1.122,614,move_down,-0.080,-0.080,-0.080,0.000,0.000,0.000
1605183768726198784,10.0.1.122,695,move_down,-0.100,-0.100,-0.100,0.000,0.000,0.000
1605183770428525056,10.0.1.122,594,move_down,-0.120,-0.120,-0.120,0.000,0.000,0.000
1605183772288674048,10.0.1.122,660,move_down,-0.140,-0.140,-0.140,0.000,0.000,0.000
1605183773970257920,10.0.1.122,612,move_down,-0.160,-0.160,-0.160,0.000,0.000,0.000
1605183775777296128,10.0.1.122,637,move_down,-0.180,-0.180,-0.180,0.000,0.000,0.000
1605183777405801984,10.0.1.122,492,move_down,-0.200,-0.200,-0.200,0.000,0.000,0.000
1605183778977601024,10.0.1.122,514,move_down,-0.220,-0.220,-0.220,0.000,0.000,0.000
1605183780615305984,10.0.1.122,554,move_down,-0.240,-0.240,-0.240,0.000,0.000,0.000
1605183782294092800,10.0.1.122,570,move_down,-0.260,-0.260,-0.260,0.000,0.000,0.000
1605183784266848000,10.0.1.122,671,move_down,-0.280,-0.280,-0.280,0.000,0.000,0.000
1605183785834853888,10.0.1.122,506,move_down,-0.300,-0.300,-0.300,0.000,0.000,0.000
1605183787466296832,10.0.1.122,559,move_down,-0.320,-0.320,-0.320,0.000,0.000,0.000
1605183789341219840,10.0.1.122,789,move_down,-0.340,-0.340,-0.340,0.000,0.000,0.000
1605183790913665024,10.0.1.122,455,move_down,-0.360,-0.360,-0.360,0.000,0.000,0.000
1605183792700807168,10.0.1.122,676,move_down,-0.380,-0.380,-0.380,0.000,0.000,0.000
1605183794344955904,10.0.1.122,520,move_down,-0.400,-0.400,-0.400,0.000,0.000,0.000
1605183796043337216,10.0.1.122,552,move_down,-0.420,-0.420,-0.420,0.000,0.000,0.000
1605183797650301952,10.0.1.122,522,move_down,-0.440,-0.440,-0.440,0.000,0.000,0.000
1605183799326324992,10.0.1.122,547,move_down,-0.460,-0.460,-0.460,0.000,0.000,0.000
1605183801097764864,10.0.1.122,680,move_down,-0.480,-0.480,-0.480,0.000,0.000,0.000
1605183802628160000,10.0.1.122,516,move_down,-0.500,-0.500,-0.500,0.000,0.000,0.000
1605183804341882112,10.0.1.122,601,move_down,-0.520,-0.520,-0.520,0.000,0.000,0.000
1605183805907568896,10.0.1.122,526,move_down,-0.540,-0.540,-0.540,0.000,0.000,0.000
1605183807521323008,10.0.1.122,550,move_down,-0.560,-0.560,-0.560,0.000,0.000,0.000
1605183809276957952,10.0.1.122,633,move_down,-0.580,-0.580,-0.580,0.000,0.000,0.000
1605183811459554816,10.0.1.122,NaN,pick,-0.600,-0.600,-0.600,0.000,0.000,0.000
1605183812461068032,10.0.1.122,NaN,pick,-0.610,-0.610,-0.610,0.000,0.000,0.000
1605183813467533056,10.0.1.122,NaN,pick,-0.620,-0.620,-0.620,0.000,0.000,0.000
1605183813524836096,10.0.1.122,57,pick,-0.620,-0.620,-0.620,0.000,0.000,0.000
1605183814526063872,10.0.1.122,55,pick,-0.630,-0.630,-0.630,0.000,0.000,0.000
1605183815518637056,10.0.1.122,45,pick,-0.640,-0.640,-0.640,0.000,0.000,0.000
1605183816589661952,10.0.1.122,106,pick,-0.650,-0.650,-0.650,0.000,0.000,0.000
1605183817542599936,10.0.1.122,57,pick,-0.660,-0.660,-0.660,0.000,0.000,0.000
1605183818545110016,10.0.1.122,58,pick,-0.670,-0.670,-0.670,0.000,0.000,0.000
1605183819545918976,10.0.1.122,58,pick,-0.680,-0.680,-0.680,0.000,0.000,0.000
1605183820543762944,10.0.1.122,56,pick,-0.690,-0.690,-0.690,0.000,0.000,0.000
1605183821595174912,10.0.1.122,101,pick,-0.700,-0.700,-0.700,0.000,0.000,0.000
1605183823510072832,10.0.1.122,NaN,pick,-0.720,-0.720,-0.720,0.000,0.000,0.000
1605183823565346048,10.0.1.122,55,pick,-0.720,-0.720,-0.720,0.000,0.000,0.000
1605183824554179072,10.0.1.122,42,pick,-0.730,-0.730,-0.730,0.000,0.000,0.000
1605183825596244992,10.0.1.122,83,pick,-0.740,-0.740,-0.740,0.000,0.000,0.000
1605183827516189184,10.0.1.122,NaN,pick,-0.760,-0.760,-0.760,0.000,0.000,0.000
1605183828523922944,10.0.1.122,NaN,pick,-0.770,-0.770,-0.770,0.000,0.000,0.000
1605183828602178048,10.0.1.122,78,pick,-0.770,-0.770,-0.770,0.000,0.000,0.000
1605183830106157056,10.0.1.122,580,move_up,-0.750,-0.750,-0.750,0.000,0.000,0.000
1605183832083576064,10.0.1.122,776,move_up,-0.730,-0.730,-0.730,0.000,0.000,0.000
1605183833698391808,10.0.1.122,529,move_up,-0.710,-0.710,-0.710,0.000,0.000,0.000
1605183835416961792,10.0.1.122,633,move_up,-0.690,-0.690,-0.690,0.000,0.000,0.000
1605183837105035008,10.0.1.122,656,move_up,-0.670,-0.670,-0.670,0.000,0.000,0.000
1605183838639942912,10.0.1.122,440,move_up,-0.650,-0.650,-0.650,0.000,0.000,0.000
1605183840277180928,10.0.1.122,576,move_up,-0.630,-0.630,-0.630,0.000,0.000,0.000
1605183841886723072,10.0.1.122,513,move_up,-0.610,-0.610,-0.610,0.000,0.000,0.000
1605183843632334080,10.0.1.122,589,move_up,-0.590,-0.590,-0.590,0.000,0.000,0.000
1605183845235037952,10.0.1.122,469,move_up,-0.570,-0.570,-0.570,0.000,0.000,0.000
1605183846797131008,10.0.1.122,505,move_up,-0.550,-0.550,-0.550,0.000,0.000,0.000
1605183848456235008,10.0.1.122,573,move_up,-0.530,-0.530,-0.530,0.000,0.000,0.000
1605183850252198912,10.0.1.122,698,move_up,-0.510,-0.510,-0.510,0.000,0.000,0.000
1605183852101788160,10.0.1.122,791,move_up,-0.490,-0.490,-0.490,0.000,0.000,0.000
1605183853809681920,10.0.1.122,608,move_up,-0.470,-0.470,-0.470,0.000,0.000,0.000
1605183855617645056,10.0.1.122,663,move_up,-0.450,-0.450,-0.450,0.000,0.000,0.000
1605183857265806080,10.0.1.122,611,move_up,-0.430,-0.430,-0.430,0.000,0.000,0.000
1605183858977998848,10.0.1.122,593,move_up,-0.410,-0.410,-0.410,0.000,0.000,0.000
1605183860677534208,10.0.1.122,575,move_up,-0.390,-0.390,-0.390,0.000,0.000,0.000
1605183862367141888,10.0.1.122,582,move_up,-0.370,-0.370,-0.370,0.000,0.000,0.000
1605183864045752064,10.0.1.122,599,move_up,-0.350,-0.350,-0.350,0.000,0.000,0.000
1605183865616760064,10.0.1.122,509,move_up,-0.330,-0.330,-0.330,0.000,0.000,0.000
1605183867197076992,10.0.1.122,526,move_up,-0.310,-0.310,-0.310,0.000,0.000,0.000
1605183868762291968,10.0.1.122,488,move_up,-0.290,-0.290,-0.290,0.000,0.000,0.000
1605183870489475072,10.0.1.122,665,move_up,-0.270,-0.270,-0.270,0.000,0.000,0.000
1605183872292547840,10.0.1.122,693,move_up,-0.250,-0.250,-0.250,0.000,0.000,0.000
1605183874008666880,10.0.1.122,680,move_up,-0.230,-0.230,-0.230,0.000,0.000,0.000
1605183875692965120,10.0.1.122,562,move_up,-0.210,-0.210,-0.210,0.000,0.000,0.000
1605183877431330816,10.0.1.122,629,move_up,-0.190,-0.190,-0.190,0.000,0.000,0.000
1605183878769228032,10.0.1.122,117,place,-0.180,-0.180,-0.180,0.000,0.000,0.000
1605183879714114048,10.0.1.122,60,place,-0.170,-0.170,-0.170,0.000,0.000,0.000
1605183881657682944,10.0.1.122,NaN,place,-0.150,-0.150,-0.150,0.000,0.000,0.000
1605183881709409024,10.0.1.122,51,place,-0.150,-0.150,-0.150,0.000,0.000,0.000
1605183882731758080,10.0.1.122,72,place,-0.140,-0.140,-0.140,0.000,0.000,0.000
1605183883721144064,10.0.1.122,51,place,-0.130,-0.130,-0.130,0.000,0.000,0.000
1605183884740801024,10.0.1.122,67,place,-0.120,-0.120,-0.120,0.000,0.000,0.000
1605183886680870912,10.0.1.122,NaN,place,-0.100,-0.100,-0.100,0.000,0.000,0.000
1605183887682273024,10.0.1.122,NaN,place,-0.090,-0.090,-0.090,0.000,0.000,0.000
1605183887746212864,10.0.1.122,63,place,-0.090,-0.090,-0.090,0.000,0.000,0.000
1605183889685057024,10.0.1.122,NaN,place,-0.070,-0.070,-0.070,0.000,0.000,0.000
1605183889735800064,10.0.1.122,50,place,-0.070,-0.070,-0.070,0.000,0.000,0.000
1605183890772411136,10.0.1.122,85,place,-0.060,-0.060,-0.060,0.000,0.000,0.000
1605183891749198080,10.0.1.122,60,place,-0.050,-0.050,-0.050,0.000,0.000,0.000
1605183892742064896,10.0.1.122,52,place,-0.040,-0.040,-0.040,0.000,0.000,0.000
1605183893749550080,10.0.1.122,58,place,-0.030,-0.030,-0.030,0.000,0.000,0.000
1605183894779278080,10.0.1.122,82,place,-0.020,-0.020,-0.020,0.000,0.000,0.000
1605183895744083968,10.0.1.122,45,place,-0.010,-0.010,-0.010,0.000,0.000,0.000
1605183896760571904,10.0.1.122,61,place,0.000,0.000,0.000,0.000,0.000,0.000
1605183898323872000,10.0.1.122,622,move_down,-0.020,-0.020,-0.020,0.000,0.000,0.000
1605183899968422912,10.0.1.122,577,move_down,-0.040,-0.040,-0.040,0.000,0.000,0.000
1605183901646259968,10.0.1.122,613,move_down,-0.060,-0.060,-0.060,0.000,0.000,0.000
1605183903634808064,10.0.1.122,908,move_down,-0.080,-0.080,-0.080,0.000,0.000,0.000
1605183905641911040,10.0.1.122,802,move_down,-0.100,-0.100,-0.100,0.000,0.000,0.000
1605183907438350848,10.0.1.122,632,move_down,-0.120,-0.120,-0.120,0.000,0.000,0.000
1605183909307787776,10.0.1.122,789,move_down,-0.140,-0.140,-0.140,0.000,0.000,0.000
1605183910984468992,10.0.1.122,578,move_down,-0.160,-0.160,-0.160,0.000,0.000,0.000
1605183912730534144,10.0.1.122,609,move_down,-0.180,-0.180,-0.180,0.000,0.000,0.000
1605183914354592000,10.0.1.122,573,move_down,-0.200,-0.200,-0.200,0.000,0.000,0.000
1605183916104792064,10.0.1.122,705,move_down,-0.220,-0.220,-0.220,0.000,0.000,0.000
1605183917805133056,10.0.1.122,593,move_down,-0.240,-0.240,-0.240,0.000,0.000,0.000
1605183919523446016,10.0.1.122,600,move_down,-0.260,-0.260,-0.260,0.000,0.000,0.000
1605183921095236096,10.0.1.122,507,move_down,-0.280,-0.280,-0.280,0.000,0.000,0.000
1605183922705801984,10.0.1.122,519,move_down,-0.300,-0.300,-0.300,0.000,0.000,0.000
1605183924350326016,10.0.1.122,552,move_down,-0.320,-0.320,-0.320,0.000,0.000,0.000
1605183926558916096,10.0.1.122,1077,move_down,-0.340,-0.340,-0.340,0.000,0.000,0.000
1605183928190087936,10.0.1.122,590,move_down,-0.360,-0.360,-0.360,0.000,0.000,0.000
1605183930040348160,10.0.1.122,615,move_down,-0.380,-0.380,-0.380,0.000,0.000,0.000
1605183931700462080,10.0.1.122,615,move_down,-0.400,-0.400,-0.400,0.000,0.000,0.000
1605183933486893056,10.0.1.122,724,move_down,-0.420,-0.420,-0.420,0.000,0.000,0.000
1605183935080427776,10.0.1.122,535,move_down,-0.440,-0.440,-0.440,0.000,0.000,0.000
1605183936884128000,10.0.1.122,764,move_down,-0.460,-0.460,-0.460,0.000,0.000,0.000
1605183938581358848,10.0.1.122,594,move_down,-0.480,-0.480,-0.480,0.000,0.000,0.000
1605183940216704000,10.0.1.122,577,move_down,-0.500,-0.500,-0.500,0.000,0.000,0.000
1605183941982629120,10.0.1.122,599,move_down,-0.520,-0.520,-0.520,0.000,0.000,0.000
1605183943701734144,10.0.1.122,622,move_down,-0.540,-0.540,-0.540,0.000,0.000,0.000
1605183945456379904,10.0.1.122,654,move_down,-0.560,-0.560,-0.560,0.000,0.000,0.000
1605183947039994112,10.0.1.122,542,move_down,-0.580,-0.580,-0.580,0.000,0.000,0.000
1605183949141530112,10.0.1.122,NaN,pick,-0.600,-0.600,-0.600,0.000,0.000,0.000
1605183949203049984,10.0.1.122,61,pick,-0.600,-0.600,-0.600,0.000,0.000,0.000
1605183950276439040,10.0.1.122,132,pick,-0.610,-0.610,-0.610,0.000,0.000,0.000
1605183951230446080,10.0.1.122,75,pick,-0.620,-0.620,-0.620,0.000,0.000,0.000
1605183953158272000,10.0.1.122,NaN,pick,-0.640,-0.640,-0.640,0.000,0.000,0.000
1605183953227408896,10.0.1.122,69,pick,-0.640,-0.640,-0.640,0.000,0.000,0.000
1605183955189548032,10.0.1.122,NaN,pick,-0.660,-0.660,-0.660,0.000,0.000,0.000
1605183955240027904,10.0.1.122,50,pick,-0.660,-0.660,-0.660,0.000,0.000,0.000
1605183956285542912,10.0.1.122,70,pick,-0.670,-0.670,-0.670,0.000,0.000,0.000
1605183958218228224,10.0.1.122,NaN,pick,-0.690,-0.690,-0.690,0.000,0.000,0.000
1605183959222025984,10.0.1.122,NaN,pick,-0.700,-0.700,-0.700,0.000,0.000,0.000
1605183959284538112,10.0.1.122,62,pick,-0.700,-0.700,-0.700,0.000,0.000,0.000
1605183961228916992,10.0.1.122,NaN,pick,-0.720,-0.720,-0.720,0.000,0.000,0.000
1605183961304725760,10.0.1.122,75,pick,-0.720,-0.720,-0.720,0.000,0.000,0.000
1605183962290252800,10.0.1.122,55,pick,-0.730,-0.730,-0.730,0.000,0.000,0.000
1605183963288870144,10.0.1.122,48,pick,-0.740,-0.740,-0.740,0.000,0.000,0.000
1605183965248076032,10.0.1.122,NaN,pick,-0.760,-0.760,-0.760,0.000,0.000,0.000
1605183965303563008,10.0.1.122,55,pick,-0.760,-0.760,-0.760,0.000,0.000,0.000
1605183966299584000,10.0.1.122,50,pick,-0.770,-0.770,-0.770,0.000,0.000,0.000
1605183967934292992,10.0.1.122,680,move_up,-0.750,-0.750,-0.750,0.000,0.000,0.000
1605183969631875072,10.0.1.122,630,move_up,-0.730,-0.730,-0.730,0.000,0.000,0.000
1605183971549472000,10.0.1.122,825,move_up,-0.710,-0.710,-0.710,0.000,0.000,0.000
1605183973276583936,10.0.1.122,529,move_up,-0.690,-0.690,-0.690,0.000,0.000,0.000
1605183975099951872,10.0.1.122,614,move_up,-0.670,-0.670,-0.670,0.000,0.000,0.000
1605183976886106112,10.0.1.122,647,move_up,-0.650,-0.650,-0.650,0.000,0.000,0.000
1605183978924556032,10.0.1.122,973,move_up,-0.630,-0.630,-0.630,0.000,0.000,0.000
1605183980719915008,10.0.1.122,710,move_up,-0.610,-0.610,-0.610,0.000,0.000,0.000
1605183982619389952,10.0.1.122,675,move_up,-0.590,-0.590,-0.590,0.000,0.000,0.000
1605183984282306816,10.0.1.122,576,move_up,-0.570,-0.570,-0.570,0.000,0.000,0.000
1605183986106978816,10.0.1.122,703,move_up,-0.550,-0.550,-0.550,0.000,0.000,0.000
1605183987793251072,10.0.1.122,651,move_up,-0.530,-0.530,-0.530,0.000,0.000,0.000
1605183989627368960,10.0.1.122,718,move_up,-0.510,-0.510,-0.510,0.000,0.000,0.000
1605183991639442944,10.0.1.122,654,move_up,-0.490,-0.490,-0.490,0.000,0.000,0.000
1605183993443536128,10.0.1.122,650,move_up,-0.470,-0.470,-0.470,0.000,0.000,0.000
1605183995348766976,10.0.1.122,826,move_up,-0.450,-0.450,-0.450,0.000,0.000,0.000
1605183997034786816,10.0.1.122,565,move_up,-0.430,-0.430,-0.430,0.000,0.000,0.000
1605183998825283072,10.0.1.122,586,move_up,-0.410,-0.410,-0.410,0.000,0.000,0.000
1605184000462477824,10.0.1.122,600,move_up,-0.390,-0.390,-0.390,0.000,0.000,0.000
1605184002245507840,10.0.1.122,624,move_up,-0.370,-0.370,-0.370,0.000,0.000,0.000
1605184004000510976,10.0.1.122,647,move_up,-0.350,-0.350,-0.350,0.000,0.000,0.000
1605184005780263936,10.0.1.122,602,move_up,-0.330,-0.330,-0.330,0.000,0.000,0.000
1605184007570359040,10.0.1.122,758,move_up,-0.310,-0.310,-0.310,0.000,0.000,0.000
1605184009667675904,10.0.1.122,901,move_up,-0.290,-0.290,-0.290,0.000,0.000,0.000
1605184011253142016,10.0.1.122,512,move_up,-0.270,-0.270,-0.270,0.000,0.000,0.000
1605184013363112960,10.0.1.122,1001,move_up,-0.250,-0.250,-0.250,0.000,0.000,0.000
1605184015309323008,10.0.1.122,829,move_up,-0.230,-0.230,-0.230,0.000,0.000,0.000
1605184017122785024,10.0.1.122,709,move_up,-0.210,-0.210,-0.210,0.000,0.000,0.000
1605184018805361920,10.0.1.122,656,move_up,-0.190,-0.190,-0.190,0.000,0.000,0.000
1605184019887662848,10.0.1.122,57,place,-0.180,-0.180,-0.180,0.000,0.000,0.000
1605184020883383040,10.0.1.122,52,place,-0.170,-0.170,-0.170,0.000,0.000,0.000
1605184021897839104,10.0.1.122,66,place,-0.160,-0.160,-0.160,0.000,0.000,0.000
1605184022908828928,10.0.1.122,52,place,-0.150,-0.150,-0.150,0.000,0.000,0.000
1605184023897052928,10.0.1.122,39,place,-0.140,-0.140,-0.140,0.000,0.000,0.000
1605184024923923968,10.0.1.122,61,place,-0.130,-0.130,-0.130,0.000,0.000,0.000
1605184025982011136,10.0.1.122,114,place,-0.120,-0.120,-0.120,0.000,0.000,0.000
1605184026930490880,10.0.1.122,57,place,-0.110,-0.110,-0.110,0.000,0.000,0.000
1605184027910650880,10.0.1.122,36,place,-0.100,-0.100,-0.100,0.000,0.000,0.000
1605184028980158208,10.0.1.122,105,place,-0.090,-0.090,-0.090,0.000,0.000,0.000
1605184029943042048,10.0.1.122,66,place,-0.080,-0.080,-0.080,0.000,0.000,0.000
1605184031879656192,10.0.1.122,NaN,place,-0.060,-0.060,-0.060,0.000,0.000,0.000
1605184031986573056,10.0.1.122,106,place,-0.060,-0.060,-0.060,0.000,0.000,0.000
1605184032984555008,10.0.1.122,93,place,-0.050,-0.050,-0.050,0.000,0.000,0.000
1605184033932608000,10.0.1.122,40,place,-0.040,-0.040,-0.040,0.000,0.000,0.000
1605184035895251968,10.0.1.122,NaN,place,-0.020,-0.020,-0.020,0.000,0.000,0.000
1605184035954483968,10.0.1.122,59,place,-0.020,-0.020,-0.020,0.000,0.000,0.000
1605184036943236096,10.0.1.122,46,place,-0.010,-0.010,-0.010,0.000,0.000,0.000
1605184037942315008,10.0.1.122,44,place,0.000,0.000,0.000,0.000,0.000,0.000
1605184039694365952,10.0.1.122,793,move_down,-0.020,-0.020,-0.020,0.000,0.000,0.000
1605184041773447936,10.0.1.122,990,move_down,-0.040,-0.040,-0.040,0.000,0.000,0.000
1605184043866637056,10.0.1.122,776,move_down,-0.060,-0.060,-0.060,0.000,0.000,0.000
1605184045616013056,10.0.1.122,686,move_down,-0.080,-0.080,-0.080,0.000,0.000,0.000
1605184047844403968,10.0.1.122,957,move_down,-0.100,-0.100,-0.100,0.000,0.000,0.000
1605184049670699008,10.0.1.122,598,move_down,-0.120,-0.120,-0.120,0.000,0.000,0.000
1605184051990117120,10.0.1.122,1251,move_down,-0.140,-0.140,-0.140,0.000,0.000,0.000
1605184053722512896,10.0.1.122,632,move_down,-0.160,-0.160,-0.160,0.000,0.000,0.000
1605184055701623808,10.0.1.122,820,move_down,-0.180,-0.180,-0.180,0.000,0.000,0.000
1605184057561121024,10.0.1.122,765,move_down,-0.200,-0.200,-0.200,0.000,0.000,0.000
1605184059391747072,10.0.1.122,730,move_down,-0.220,-0.220,-0.220,0.000,0.000,0.000
1605184061562470912,10.0.1.122,1093,move_down,-0.240,-0.240,-0.240,0.000,0.000,0.000
1605184063386553088,10.0.1.122,769,move_down,-0.260,-0.260,-0.260,0.000,0.000,0.000
1605184065290540032,10.0.1.122,819,move_down,-0.280,-0.280,-0.280,0.000,0.000,0.000
1605184067183389952,10.0.1.122,818,move_down,-0.300,-0.300,-0.300,0.000,0.000,0.000
1605184068911393792,10.0.1.122,731,move_down,-0.320,-0.320,-0.320,0.000,0.000,0.000
1605184070616257024,10.0.1.122,619,move_down,-0.340,-0.340,-0.340,0.000,0.000,0.000
1605184072659714048,10.0.1.122,907,move_down,-0.360,-0.360,-0.360,0.000,0.000,0.000
1605184074370443008,10.0.1.122,622,move_down,-0.380,-0.380,-0.380,0.000,0.000,0.000
1605184076106864896,10.0.1.122,666,move_down,-0.400,-0.400,-0.400,0.000,0.000,0.000
1605184077884829952,10.0.1.122,632,move_down,-0.420,-0.420,-0.420,0.000,0.000,0.000
1605184079753892864,10.0.1.122,725,move_down,-0.440,-0.440,-0.440,0.000,0.000,0.000
1605184081738408192,10.0.1.122,939,move_down,-0.460,-0.460,-0.460,0.000,0.000,0.000
1605184083719458048,10.0.1.122,873,move_down,-0.480,-0.480,-0.480,0.000,0.000,0.000
1605184085455316992,10.0.1.122,654,move_down,-0.500,-0.500,-0.500,0.000,0.000,0.000
1605184087349448960,10.0.1.122,819,move_down,-0.520,-0.520,-0.520,0.000,0.000,0.000
1605184089640615936,10.0.1.122,900,move_down,-0.540,-0.540,-0.540,0.000,0.000,0.000
1605184091556029184,10.0.1.122,906,move_down,-0.560,-0.560,-0.560,0.000,0.000,0.000
1605184093348297984,10.0.1.122,669,move_down,-0.580,-0.580,-0.580,0.000,0.000,0.000
1605184094537271040,10.0.1.122,61,pick,-0.590,-0.590,-0.590,0.000,0.000,0.000
1605184095542548992,10.0.1.122,61,pick,-0.600,-0.600,-0.600,0.000,0.000,0.000
1605184096601024000,10.0.1.122,113,pick,-0.610,-0.610,-0.610,0.000,0.000,0.000
1605184097537980928,10.0.1.122,48,pick,-0.620,-0.620,-0.620,0.000,0.000,0.000
1605184098581511936,10.0.1.122,90,pick,-0.630,-0.630,-0.630,0.000,0.000,0.000
1605184099532824064,10.0.1.122,41,pick,-0.640,-0.640,-0.640,0.000,0.000,0.000
1605184100577498880,10.0.1.122,84,pick,-0.650,-0.650,-0.650,0.000,0.000,0.000
1605184101530162944,10.0.1.122,35,pick,-0.660,-0.660,-0.660,0.000,0.000,0.000
1605184102577310208,10.0.1.122,80,pick,-0.670,-0.670,-0.670,0.000,0.000,0.000
1605184104499838208,10.0.1.122,NaN,pick,-0.690,-0.690,-0.690,0.000,0.000,0.000
1605184104541573888,10.0.1.122,41,pick,-0.690,-0.690,-0.690,0.000,0.000,0.000
1605184105545420800,10.0.1.122,44,pick,-0.700,-0.700,-0.700,0.000,0.000,0.000
1605184106546797056,10.0.1.122,44,pick,-0.710,-0.710,-0.710,0.000,0.000,0.000
1605184107548747008,10.0.1.122,41,pick,-0.720,-0.720,-0.720,0.000,0.000,0.000
1605184108561458176,10.0.1.122,53,pick,-0.730,-0.730,-0.730,0.000,0.000,0.000
1605184109552453120,10.0.1.122,44,pick,-0.740,-0.740,-0.740,0.000,0.000,0.000
1605184111514070016,10.0.1.122,NaN,pick,-0.760,-0.760,-0.760,0.000,0.000,0.000
1605184111591597056,10.0.1.122,77,pick,-0.760,-0.760,-0.760,0.000,0.000,0.000
1605184112619520000,10.0.1.122,101,pick,-0.770,-0.770,-0.770,0.000,0.000,0.000
1605184114350738944,10.0.1.122,830,move_up,-0.750,-0.750,-0.750,0.000,0.000,0.000
1605184116291304192,10.0.1.122,865,move_up,-0.730,-0.730,-0.730,0.000,0.000,0.000
1605184118449278208,10.0.1.122,1019,move_up,-0.710,-0.710,-0.710,0.000,0.000,0.000
1605184120185245952,10.0.1.122,713,move_up,-0.690,-0.690,-0.690,0.000,0.000,0.000
1605184122217528064,10.0.1.122,907,move_up,-0.670,-0.670,-0.670,0.000,0.000,0.000
1605184124032443136,10.0.1.122,792,move_up,-0.650,-0.650,-0.650,0.000,0.000,0.000
1605184126192615936,10.0.1.122,1031,move_up,-0.630,-0.630,-0.630,0.000,0.000,0.000
1605184128502000128,10.0.1.122,1018,move_up,-0.610,-0.610,-0.610,0.000,0.000,0.000
1605184130544090112,10.0.1.122,1033,move_up,-0.590,-0.590,-0.590,0.000,0.000,0.000
1605184132421897984,10.0.1.122,759,move_up,-0.570,-0.570,-0.570,0.000,0.000,0.000
1605184134177021952,10.0.1.122,720,move_up,-0.550,-0.550,-0.550,0.000,0.000,0.000
1605184136396668928,10.0.1.122,1119,move_up,-0.530,-0.530,-0.530,0.000,0.000,0.000
1605184138204030976,10.0.1.122,715,move_up,-0.510,-0.510,-0.510,0.000,0.000,0.000
1605184140063827968,10.0.1.122,786,move_up,-0.490,-0.490,-0.490,0.000,0.000,0.000
1605184142017428992,10.0.1.122,896,move_up,-0.470,-0.470,-0.470,0.000,0.000,0.000
1605184143932285184,10.0.1.122,823,move_up,-0.450,-0.450,-0.450,0.000,0.000,0.000
1605184146050306048,10.0.1.122,1069,move_up,-0.430,-0.430,-0.430,0.000,0.000,0.000
1605184147895350016,10.0.1.122,782,move_up,-0.410,-0.410,-0.410,0.000,0.000,0.000
1605184150053505024,10.0.1.122,1001,move_up,-0.390,-0.390,-0.390,0.000,0.000,0.000
1605184152026829056,10.0.1.122,777,move_up,-0.370,-0.370,-0.370,0.000,0.000,0.000
1605184153969892096,10.0.1.122,802,move_up,-0.350,-0.350,-0.350,0.000,0.000,0.000
1605184156032861952,10.0.1.122,959,move_up,-0.330,-0.330,-0.330,0.000,0.000,0.000
1605184157805427968,10.0.1.122,677,move_up,-0.310,-0.310,-0.310,0.000,0.000,0.000
1605184160145126144,10.0.1.122,1128,move_up,-0.290,-0.290,-0.290,0.000,0.000,0.000
1605184162231417856,10.0.1.122,929,move_up,-0.270,-0.270,-0.270,0.000,0.000,0.000
1605184163928217856,10.0.1.122,614,move_up,-0.250,-0.250,-0.250,0.000,0.000,0.000
1605184166188908032,10.0.1.122,1158,move_up,-0.230,-0.230,-0.230,0.000,0.000,0.000
1605184168206435072,10.0.1.122,931,move_up,-0.210,-0.210,-0.210,0.000,0.000,0.000
1605184170233702912,10.0.1.122,974,move_up,-0.190,-0.190,-0.190,0.000,0.000,0.000
1605184171607919872,10.0.1.122,52,place,-0.180,-0.180,-0.180,0.000,0.000,0.000
1605184172610300928,10.0.1.122,50,place,-0.170,-0.170,-0.170,0.000,0.000,0.000
1605184173606190848,10.0.1.122,46,place,-0.160,-0.160,-0.160,0.000,0.000,0.000
1605184174625757952,10.0.1.122,64,place,-0.150,-0.150,-0.150,0.000,0.000,0.000
1605184175601036032,10.0.1.122,38,place,-0.140,-0.140,-0.140,0.000,0.000,0.000
